
C:\Users\dfajardo\OneDrive - COMISION NACIONAL DE ENERGIA\Documentos\github\delphin-erp\apps\api\src\common\guards\entitlement.guard.spec.ts
   30:34  warning  Unsafe argument of type `any` assigned to a parameter of type `Reflector`         @typescript-eslint/no-unsafe-argument
   30:52  warning  Unsafe argument of type `any` assigned to a parameter of type `PrismaService`     @typescript-eslint/no-unsafe-argument
   36:36  warning  Unsafe argument of type `any` assigned to a parameter of type `ExecutionContext`  @typescript-eslint/no-unsafe-argument
   42:36  warning  Unsafe argument of type `any` assigned to a parameter of type `ExecutionContext`  @typescript-eslint/no-unsafe-argument
   45:36  warning  Unsafe argument of type `any` assigned to a parameter of type `ExecutionContext`  @typescript-eslint/no-unsafe-argument
   55:25  warning  Unsafe argument of type `any` assigned to a parameter of type `ExecutionContext`  @typescript-eslint/no-unsafe-argument
   70:25  warning  Unsafe argument of type `any` assigned to a parameter of type `ExecutionContext`  @typescript-eslint/no-unsafe-argument
   85:20  warning  Unsafe argument of type `any` assigned to a parameter of type `ExecutionContext`  @typescript-eslint/no-unsafe-argument
   98:20  warning  Unsafe argument of type `any` assigned to a parameter of type `ExecutionContext`  @typescript-eslint/no-unsafe-argument
  113:25  warning  Unsafe argument of type `any` assigned to a parameter of type `ExecutionContext`  @typescript-eslint/no-unsafe-argument
  126:20  warning  Unsafe argument of type `any` assigned to a parameter of type `ExecutionContext`  @typescript-eslint/no-unsafe-argument
  139:25  warning  Unsafe argument of type `any` assigned to a parameter of type `ExecutionContext`  @typescript-eslint/no-unsafe-argument
  153:25  warning  Unsafe argument of type `any` assigned to a parameter of type `ExecutionContext`  @typescript-eslint/no-unsafe-argument
  167:20  warning  Unsafe argument of type `any` assigned to a parameter of type `ExecutionContext`  @typescript-eslint/no-unsafe-argument
  175:20  warning  Unsafe argument of type `any` assigned to a parameter of type `ExecutionContext`  @typescript-eslint/no-unsafe-argument

C:\Users\dfajardo\OneDrive - COMISION NACIONAL DE ENERGIA\Documentos\github\delphin-erp\apps\api\src\common\subscription-policy.spec.ts
  3:2  error  Insert `·`                                                                                                                                                                                                                                                                                                                                                                                                  prettier/prettier
  4:2  error  Replace `it.each(['CANCELED','PAST_DUE','UNKNOWN'])('denies·%s',·estado·=>·expect(hasActiveSubscription({estado,fechaRenovacion:new·Date('2027-01-01')},now)).toBe(false)` with `·it.each(['CANCELED',·'PAST_DUE',·'UNKNOWN'])('denies·%s',·(estado)·=>⏎····expect(⏎······hasActiveSubscription(⏎········{·estado,·fechaRenovacion:·new·Date('2027-01-01')·},⏎········now,⏎······),⏎····).toBe(false),⏎··`  prettier/prettier
  5:1  error  Replace `·it.each(['ACTIVE','TRIAL'])('requires·a·future·expiration·for·%s',·estado` with `··it.each(['ACTIVE',·'TRIAL'])(⏎····'requires·a·future·expiration·for·%s',⏎····(estado)`                                                                                                                                                                                                                         prettier/prettier
  6:2  error  Replace `expect(hasActiveSubscription({estado,fechaRenovacion:null},now)` with `·····expect(⏎········hasActiveSubscription({·estado,·fechaRenovacion:·null·},·now),⏎······`                                                                                                                                                                                                                                 prettier/prettier
  7:2  error  Replace `expect(hasActiveSubscription({estado,fechaRenovacion:now},now)).toBe(false` with `·····expect(hasActiveSubscription({·estado,·fechaRenovacion:·now·},·now)).toBe(⏎········false,⏎······`                                                                                                                                                                                                           prettier/prettier
  8:2  error  Replace `expect(hasActiveSubscription({estado,fechaRenovacion:new·Date('2027-01-01')},now)` with `·····expect(⏎········hasActiveSubscription(⏎··········{·estado,·fechaRenovacion:·new·Date('2027-01-01')·},⏎··········now,⏎········),⏎······`                                                                                                                                                              prettier/prettier
  9:2  error  Replace `}` with `···},⏎··`                                                                                                                                                                                                                                                                                                                                                                                 prettier/prettier

C:\Users\dfajardo\OneDrive - COMISION NACIONAL DE ENERGIA\Documentos\github\delphin-erp\apps\api\src\common\tenant\tenant-policy.ts
  65:11  warning  Unsafe argument of type `any` assigned to a parameter of type `string`  @typescript-eslint/no-unsafe-argument
  66:11  warning  Unsafe argument of type `any` assigned to a parameter of type `string`  @typescript-eslint/no-unsafe-argument

C:\Users\dfajardo\OneDrive - COMISION NACIONAL DE ENERGIA\Documentos\github\delphin-erp\apps\api\src\main.ts
  69:1  warning  Promises must be awaited, end with a call to .catch, end with a call to .then with a rejection handler or be explicitly marked as ignored with the `void` operator  @typescript-eslint/no-floating-promises

C:\Users\dfajardo\OneDrive - COMISION NACIONAL DE ENERGIA\Documentos\github\delphin-erp\apps\api\src\maintenance.middleware.spec.ts
  17:22  warning  Unsafe argument of type `any` assigned to a parameter of type `Request<ParamsDictionary, any, any, ParsedQs, Record<string, any>>`  @typescript-eslint/no-unsafe-argument
  17:55  warning  Unsafe argument of type `any` assigned to a parameter of type `Response<any, Record<string, any>>`                                  @typescript-eslint/no-unsafe-argument
  19:20  warning  Unsafe argument of type `any` assigned to a parameter of type `Request<ParamsDictionary, any, any, ParsedQs, Record<string, any>>`  @typescript-eslint/no-unsafe-argument
  19:49  warning  Unsafe argument of type `any` assigned to a parameter of type `Response<any, Record<string, any>>`                                  @typescript-eslint/no-unsafe-argument
  27:7   warning  Unsafe argument of type `any` assigned to a parameter of type `Request<ParamsDictionary, any, any, ParsedQs, Record<string, any>>`  @typescript-eslint/no-unsafe-argument
  31:7   warning  Unsafe argument of type `any` assigned to a parameter of type `Response<any, Record<string, any>>`                                  @typescript-eslint/no-unsafe-argument

C:\Users\dfajardo\OneDrive - COMISION NACIONAL DE ENERGIA\Documentos\github\delphin-erp\apps\api\src\modules\activity-log\activity-log.controller.spec.ts
  25:5  warning  Promises must be awaited, end with a call to .catch, end with a call to .then with a rejection handler or be explicitly marked as ignored with the `void` operator  @typescript-eslint/no-floating-promises
  47:5  warning  Promises must be awaited, end with a call to .catch, end with a call to .then with a rejection handler or be explicitly marked as ignored with the `void` operator  @typescript-eslint/no-floating-promises
  61:5  warning  Promises must be awaited, end with a call to .catch, end with a call to .then with a rejection handler or be explicitly marked as ignored with the `void` operator  @typescript-eslint/no-floating-promises

C:\Users\dfajardo\OneDrive - COMISION NACIONAL DE ENERGIA\Documentos\github\delphin-erp\apps\api\src\modules\activity-log\activity-log.controller.ts
  51:45  warning  Unsafe argument of type `any` assigned to a parameter of type `string`  @typescript-eslint/no-unsafe-argument
  62:42  warning  Unsafe argument of type `any` assigned to a parameter of type `string`  @typescript-eslint/no-unsafe-argument

C:\Users\dfajardo\OneDrive - COMISION NACIONAL DE ENERGIA\Documentos\github\delphin-erp\apps\api\src\modules\activity-log\activity-log.service.spec.ts
  53:25  error    Replace `·activityLog:·{·create:·jest.fn().mockRejectedValue(new·Error('db·down'))·}` with `⏎········activityLog:·{⏎··········create:·jest.fn().mockRejectedValue(new·Error('db·down')),⏎········},⏎·····`  prettier/prettier
  56:21  error    Replace `{·empresaId:·'e1',·modulo:·'x',·accion:·'CREATE'·},·txPrisma·as·any` with `⏎··········{·empresaId:·'e1',·modulo:·'x',·accion:·'CREATE'·},⏎··········txPrisma·as·any,⏎········`                     prettier/prettier
  56:73  warning  Unsafe argument of type `any` assigned to a parameter of type `Pick<PrismaService, "activityLog">`                                                                                                          @typescript-eslint/no-unsafe-argument

C:\Users\dfajardo\OneDrive - COMISION NACIONAL DE ENERGIA\Documentos\github\delphin-erp\apps\api\src\modules\activity-log\activity-log.service.ts
  167:27  error    Replace `new·ForbiddenException('Los·registros·de·auditoría·son·inmutables')` with `⏎······new·ForbiddenException('Los·registros·de·auditoría·son·inmutables'),⏎····`  prettier/prettier
  191:54  warning  Unsafe argument of type `any` assigned to a parameter of type `string`                                                                                                 @typescript-eslint/no-unsafe-argument

C:\Users\dfajardo\OneDrive - COMISION NACIONAL DE ENERGIA\Documentos\github\delphin-erp\apps\api\src\modules\activity-log\security-logs.controller.ts
  50:42  warning  Unsafe argument of type `any` assigned to a parameter of type `string`  @typescript-eslint/no-unsafe-argument

C:\Users\dfajardo\OneDrive - COMISION NACIONAL DE ENERGIA\Documentos\github\delphin-erp\apps\api\src\modules\activity-log\security-logs.service.spec.ts
   7:44  warning  Unsafe argument of type `any` assigned to a parameter of type `PrismaService`  @typescript-eslint/no-unsafe-argument
  46:44  warning  Unsafe argument of type `any` assigned to a parameter of type `PrismaService`  @typescript-eslint/no-unsafe-argument
  65:44  warning  Unsafe argument of type `any` assigned to a parameter of type `PrismaService`  @typescript-eslint/no-unsafe-argument

C:\Users\dfajardo\OneDrive - COMISION NACIONAL DE ENERGIA\Documentos\github\delphin-erp\apps\api\src\modules\ai-agent\ai-agent.controller.ts
   41:49  warning  Unsafe argument of type `any` assigned to a parameter of type `string`  @typescript-eslint/no-unsafe-argument
   41:60  warning  Unsafe argument of type `any` assigned to a parameter of type `string`  @typescript-eslint/no-unsafe-argument
   53:48  warning  Unsafe argument of type `any` assigned to a parameter of type `string`  @typescript-eslint/no-unsafe-argument
   53:59  warning  Unsafe argument of type `any` assigned to a parameter of type `string`  @typescript-eslint/no-unsafe-argument
   69:7   warning  Unsafe argument of type `any` assigned to a parameter of type `string`  @typescript-eslint/no-unsafe-argument
   70:7   warning  Unsafe argument of type `any` assigned to a parameter of type `string`  @typescript-eslint/no-unsafe-argument
   84:51  warning  Unsafe argument of type `any` assigned to a parameter of type `string`  @typescript-eslint/no-unsafe-argument
   84:62  warning  Unsafe argument of type `any` assigned to a parameter of type `string`  @typescript-eslint/no-unsafe-argument
  105:7   warning  Unsafe argument of type `any` assigned to a parameter of type `string`  @typescript-eslint/no-unsafe-argument
  142:7   warning  Unsafe argument of type `any` assigned to a parameter of type `string`  @typescript-eslint/no-unsafe-argument

C:\Users\dfajardo\OneDrive - COMISION NACIONAL DE ENERGIA\Documentos\github\delphin-erp\apps\api\src\modules\ai-agent\ai-agent.service.spec.ts
   3:2   error    Replace `const·queries·=·['ventas',·'cotizaciones',·'compras',·'cuentas·por·cobrar',·'inventario',·'promociones',·'secuencias',·'productos',·'clientes',·'proveedores',·'logs',·'usuarios',·'sucursales',·'resumen'` with `·const·queries·=·[⏎····'ventas',⏎····'cotizaciones',⏎····'compras',⏎····'cuentas·por·cobrar',⏎····'inventario',⏎····'promociones',⏎····'secuencias',⏎····'productos',⏎····'clientes',⏎····'proveedores',⏎····'logs',⏎····'usuarios',⏎····'sucursales',⏎····'resumen',⏎··`                                                                                                                         prettier/prettier
   4:2   error    Replace `function·setup(permissions:·string[],·owner=` with `·function·setup(permissions:·string[],·owner·=·`                                                                                                                                                                                                                                                                                                                                                                                                                                                                                                                prettier/prettier
   5:1   error    Replace `·const·tools·=·new·Proxy({},·{get:(_target,key)=>·jest.fn().mockImplementation(()=>Promise.resolve({tool:key}))}` with `····const·tools·=·new·Proxy(⏎······{},⏎······{⏎········get:·(_target,·key)·=>⏎··········jest.fn().mockImplementation(()·=>·Promise.resolve({·tool:·key·})),⏎······},⏎····`                                                                                                                                                                                                                                                                                                                  prettier/prettier
   6:2   error    Replace `const·db={empresa:{findUnique:jest.fn().mockResolvedValue({propietarioId:owner?'actor':'owner'})},membresia:{findUnique:jest.fn().mockResolvedValue({estado:'ACTIVO',role:{permissions:JSON.stringify(permissions)}})}` with `···const·db·=·{⏎······empresa:·{⏎········findUnique:·jest⏎··········.fn()⏎··········.mockResolvedValue({·propietarioId:·owner·?·'actor'·:·'owner'·}),⏎······},⏎······membresia:·{⏎········findUnique:·jest⏎··········.fn()⏎··········.mockResolvedValue({⏎············estado:·'ACTIVO',⏎············role:·{·permissions:·JSON.stringify(permissions)·},⏎··········}),⏎······},⏎····`  prettier/prettier
   7:1   error    Replace `·return·new·AiAgentService(tools·as·any,` with `····return·new·AiAgentService(tools·as·any,·`                                                                                                                                                                                                                                                                                                                                                                                                                                                                                                                       prettier/prettier
   7:28  warning  Unsafe argument of type `any` assigned to a parameter of type `AiToolsService`                                                                                                                                                                                                                                                                                                                                                                                                                                                                                                                                               @typescript-eslint/no-unsafe-argument
   7:41  warning  Unsafe argument of type `any` assigned to a parameter of type `PrismaService`                                                                                                                                                                                                                                                                                                                                                                                                                                                                                                                                                @typescript-eslint/no-unsafe-argument
   8:1   error    Insert `·`                                                                                                                                                                                                                                                                                                                                                                                                                                                                                                                                                                                                                   prettier/prettier
   9:2   error    Replace `it.each(queries)('does·not·collect·unauthorized·context·for·%s',async·query=>` with `·it.each(queries)(⏎····'does·not·collect·unauthorized·context·for·%s',⏎····async·(query)·=>·`                                                                                                                                                                                                                                                                                                                                                                                                                                  prettier/prettier
  10:2   error    Replace `const·used:string[]=[];const·result=await·(setup(['ai_chat:write'])·as·any).collectContext('tenant',query,used,'actor');expect(result).toEqual({});` with `·····const·used:·string[]·=·[];⏎······const·result·=·await·(setup(['ai_chat:write'])·as·any).collectContext(⏎········'tenant',⏎········query,⏎········used,⏎········'actor',⏎······);⏎······expect(result).toEqual({});⏎······`                                                                                                                                                                                                                          prettier/prettier
  11:2   error    Replace `}` with `···},⏎··`                                                                                                                                                                                                                                                                                                                                                                                                                                                                                                                                                                                                  prettier/prettier
  12:1   error    Replace `·it.each(queries)('allows·the·active·owner·context·for·%s',async·query=>` with `··it.each(queries)('allows·the·active·owner·context·for·%s',·async·(query)·=>·`                                                                                                                                                                                                                                                                                                                                                                                                                                                     prettier/prettier
  13:2   error    Replace `const·used:string[]=[];await·(setup([],true)·as·any).collectContext('tenant',query,used,'actor');` with `···const·used:·string[]·=·[];⏎····await·(setup([],·true)·as·any).collectContext(⏎······'tenant',⏎······query,⏎······used,⏎······'actor',⏎····);⏎····`                                                                                                                                                                                                                                                                                                                                                      prettier/prettier
  14:1   error    Insert `·`                                                                                                                                                                                                                                                                                                                                                                                                                                                                                                                                                                                                                   prettier/prettier

C:\Users\dfajardo\OneDrive - COMISION NACIONAL DE ENERGIA\Documentos\github\delphin-erp\apps\api\src\modules\ai-agent\ai-agent.service.ts
  303:28   warning  Unsafe argument of type `any` assigned to a parameter of type `string`                  @typescript-eslint/no-unsafe-argument
  368:30   warning  Unsafe argument of type `any` assigned to a parameter of type `string`                  @typescript-eslint/no-unsafe-argument
  403:28   warning  Unsafe argument of type `any` assigned to a parameter of type `string`                  @typescript-eslint/no-unsafe-argument
  491:30   warning  Unsafe argument of type `any` assigned to a parameter of type `string`                  @typescript-eslint/no-unsafe-argument
  615:18   warning  Unsafe argument of type `any` assigned to a parameter of type `string`                  @typescript-eslint/no-unsafe-argument
  675:18   warning  Unsafe argument of type `any` assigned to a parameter of type `string`                  @typescript-eslint/no-unsafe-argument
  902:21   warning  Unsafe argument of type `any` assigned to a parameter of type `{}`                      @typescript-eslint/no-unsafe-argument
  979:28   warning  Unsafe argument of type `any` assigned to a parameter of type `string | number | Date`  @typescript-eslint/no-unsafe-argument
  992:125  warning  Unsafe argument of type `any` assigned to a parameter of type `string | number | Date`  @typescript-eslint/no-unsafe-argument

C:\Users\dfajardo\OneDrive - COMISION NACIONAL DE ENERGIA\Documentos\github\delphin-erp\apps\api\src\modules\auth\auth.controller.spec.ts
  62:31  warning  Unsafe argument of type `any` assigned to a parameter of type `RegisterDto`  @typescript-eslint/no-unsafe-argument

C:\Users\dfajardo\OneDrive - COMISION NACIONAL DE ENERGIA\Documentos\github\delphin-erp\apps\api\src\modules\auth\auth.controller.ts
   95:66  warning  Unsafe argument of type `any` assigned to a parameter of type `string | number | boolean`  @typescript-eslint/no-unsafe-argument
  190:55  warning  Unsafe argument of type `any` assigned to a parameter of type `string`                     @typescript-eslint/no-unsafe-argument
  204:7   warning  Unsafe argument of type `any` assigned to a parameter of type `string`                     @typescript-eslint/no-unsafe-argument
  206:7   warning  Unsafe argument of type `any` assigned to a parameter of type `number | undefined`         @typescript-eslint/no-unsafe-argument
  224:43  warning  Unsafe argument of type `any` assigned to a parameter of type `string`                     @typescript-eslint/no-unsafe-argument
  232:48  warning  Unsafe argument of type `any` assigned to a parameter of type `string`                     @typescript-eslint/no-unsafe-argument
  258:7   warning  Unsafe argument of type `any` assigned to a parameter of type `string`                     @typescript-eslint/no-unsafe-argument
  261:7   warning  Unsafe argument of type `any` assigned to a parameter of type `string | undefined`         @typescript-eslint/no-unsafe-argument
  272:44  warning  Unsafe argument of type `any` assigned to a parameter of type `string`                     @typescript-eslint/no-unsafe-argument
  285:47  warning  Unsafe argument of type `any` assigned to a parameter of type `string`                     @typescript-eslint/no-unsafe-argument

C:\Users\dfajardo\OneDrive - COMISION NACIONAL DE ENERGIA\Documentos\github\delphin-erp\apps\api\src\modules\auth\auth.service.spec.ts
  256:52  error  Replace `·...baseUser,·mfaHabilitado:·true` with `⏎········...baseUser,⏎········mfaHabilitado:·true,⏎·····`                                                    prettier/prettier
  257:75  error  Replace `'dos·pasos'` with `⏎········'dos·pasos',⏎······`                                                                                                      prettier/prettier
  261:52  error  Replace `·...baseUser,·mfaHabilitado:·true` with `⏎········...baseUser,⏎········mfaHabilitado:·true,⏎·····`                                                    prettier/prettier
  264:52  error  Replace `expect.objectContaining({·mfaVerified:·true,·authTime:·123·})` with `⏎········expect.objectContaining({·mfaVerified:·true,·authTime:·123·}),⏎······`  prettier/prettier

C:\Users\dfajardo\OneDrive - COMISION NACIONAL DE ENERGIA\Documentos\github\delphin-erp\apps\api\src\modules\auth\auth.service.ts
  162:42  warning  Unsafe argument of type `any` assigned to a parameter of type `PermissionsInput | null | undefined`  @typescript-eslint/no-unsafe-argument
  375:44  warning  Unsafe argument of type `any` assigned to a parameter of type `string | Buffer<ArrayBufferLike>`     @typescript-eslint/no-unsafe-argument
  511:52  error    Insert `⏎·····`                                                                                      prettier/prettier
  609:13  warning  Unsafe argument of type `any` assigned to a parameter of type `string`                               @typescript-eslint/no-unsafe-argument
  639:41  warning  Unsafe argument of type `any` assigned to a parameter of type `OwnerSmtpConfig`                      @typescript-eslint/no-unsafe-argument
  811:7   warning  Unsafe argument of type `any` assigned to a parameter of type `string`                               @typescript-eslint/no-unsafe-argument
  812:7   warning  Unsafe argument of type `any` assigned to a parameter of type `number`                               @typescript-eslint/no-unsafe-argument

C:\Users\dfajardo\OneDrive - COMISION NACIONAL DE ENERGIA\Documentos\github\delphin-erp\apps\api\src\modules\auth\guards\permissions.guard.spec.ts
  16:34  warning  Unsafe argument of type `any` assigned to a parameter of type `Reflector`         @typescript-eslint/no-unsafe-argument
  22:36  warning  Unsafe argument of type `any` assigned to a parameter of type `ExecutionContext`  @typescript-eslint/no-unsafe-argument
  28:36  warning  Unsafe argument of type `any` assigned to a parameter of type `ExecutionContext`  @typescript-eslint/no-unsafe-argument
  31:36  warning  Unsafe argument of type `any` assigned to a parameter of type `ExecutionContext`  @typescript-eslint/no-unsafe-argument
  40:25  warning  Unsafe argument of type `any` assigned to a parameter of type `ExecutionContext`  @typescript-eslint/no-unsafe-argument
  48:25  warning  Unsafe argument of type `any` assigned to a parameter of type `ExecutionContext`  @typescript-eslint/no-unsafe-argument
  56:25  warning  Unsafe argument of type `any` assigned to a parameter of type `ExecutionContext`  @typescript-eslint/no-unsafe-argument

C:\Users\dfajardo\OneDrive - COMISION NACIONAL DE ENERGIA\Documentos\github\delphin-erp\apps\api\src\modules\auth\mfa.controller.ts
  43:28  warning  Unsafe argument of type `any` assigned to a parameter of type `string`  @typescript-eslint/no-unsafe-argument

C:\Users\dfajardo\OneDrive - COMISION NACIONAL DE ENERGIA\Documentos\github\delphin-erp\apps\api\src\modules\auth\mfa.service.ts
  112:35  warning  Unsafe argument of type `any` assigned to a parameter of type `string`                     @typescript-eslint/no-unsafe-argument
  132:33  warning  Unsafe argument of type `any` assigned to a parameter of type `string | null | undefined`  @typescript-eslint/no-unsafe-argument
  229:30  warning  Unsafe argument of type `any` assigned to a parameter of type `string`                     @typescript-eslint/no-unsafe-argument
  259:28  warning  Unsafe argument of type `any` assigned to a parameter of type `string`                     @typescript-eslint/no-unsafe-argument

C:\Users\dfajardo\OneDrive - COMISION NACIONAL DE ENERGIA\Documentos\github\delphin-erp\apps\api\src\modules\auth\session.controller.ts
  24:44  warning  Unsafe argument of type `any` assigned to a parameter of type `string`              @typescript-eslint/no-unsafe-argument
  24:53  warning  Unsafe argument of type `any` assigned to a parameter of type `string | undefined`  @typescript-eslint/no-unsafe-argument
  30:39  warning  Unsafe argument of type `any` assigned to a parameter of type `string`              @typescript-eslint/no-unsafe-argument
  36:45  warning  Unsafe argument of type `any` assigned to a parameter of type `string`              @typescript-eslint/no-unsafe-argument
  36:54  warning  Unsafe argument of type `any` assigned to a parameter of type `string | undefined`  @typescript-eslint/no-unsafe-argument

C:\Users\dfajardo\OneDrive - COMISION NACIONAL DE ENERGIA\Documentos\github\delphin-erp\apps\api\src\modules\auth\session.service.spec.ts
   8:40  warning  Unsafe argument of type `any` assigned to a parameter of type `PrismaService`  @typescript-eslint/no-unsafe-argument
  59:40  warning  Unsafe argument of type `any` assigned to a parameter of type `PrismaService`  @typescript-eslint/no-unsafe-argument
  73:40  warning  Unsafe argument of type `any` assigned to a parameter of type `PrismaService`  @typescript-eslint/no-unsafe-argument
  81:40  warning  Unsafe argument of type `any` assigned to a parameter of type `PrismaService`  @typescript-eslint/no-unsafe-argument
  94:40  warning  Unsafe argument of type `any` assigned to a parameter of type `PrismaService`  @typescript-eslint/no-unsafe-argument

C:\Users\dfajardo\OneDrive - COMISION NACIONAL DE ENERGIA\Documentos\github\delphin-erp\apps\api\src\modules\auth\session.service.ts
  36:40  warning  Unsafe argument of type `any` assigned to a parameter of type `string | number | Date`  @typescript-eslint/no-unsafe-argument

C:\Users\dfajardo\OneDrive - COMISION NACIONAL DE ENERGIA\Documentos\github\delphin-erp\apps\api\src\modules\auth\strategies\jwt.strategy.spec.ts
   19:17  error    Replace `·findUnique:·jest.fn().mockResolvedValue({·mfaHabilitado:·false·})` with `⏎········findUnique:·jest.fn().mockResolvedValue({·mfaHabilitado:·false·}),⏎·····`                                                                                                                                                                                                           prettier/prettier
   37:32  warning  Unsafe argument of type `any` assigned to a parameter of type `PrismaService`                                                                                                                                                                                                                                                                                                   @typescript-eslint/no-unsafe-argument
   39:42  error    Replace `'rejects·legacy·or·unverified·MFA·claim·%s',·async·mfaVerified` with `⏎····'rejects·legacy·or·unverified·MFA·claim·%s',⏎····async·(mfaVerified)`                                                                                                                                                                                                                       prettier/prettier
   40:1   error    Insert `··`                                                                                                                                                                                                                                                                                                                                                                     prettier/prettier
   41:1   error    Replace `····prisma.mfaCredential.findUnique.mockResolvedValue({·enabledAt:·new·Date()` with `······prisma.mfaCredential.findUnique.mockResolvedValue({⏎········enabledAt:·new·Date(),⏎·····`                                                                                                                                                                                   prettier/prettier
   42:1   error    Replace `····await·expect(strategy.validate(request,·{·...payload,·mfaVerified·})).rejects.toMatchObject({·response:·expect.objectContaining({·code:·'MFA_REQUIRED'·})` with `······await·expect(⏎········strategy.validate(request,·{·...payload,·mfaVerified·}),⏎······).rejects.toMatchObject({⏎········response:·expect.objectContaining({·code:·'MFA_REQUIRED'·}),⏎·····`  prettier/prettier
   42:36  warning  Unsafe argument of type `any` assigned to a parameter of type `Request<ParamsDictionary, any, any, ParsedQs, Record<string, any>>`                                                                                                                                                                                                                                              @typescript-eslint/no-unsafe-argument
   43:3   error    Replace `}` with `··},⏎··`                                                                                                                                                                                                                                                                                                                                                      prettier/prettier
   46:56  error    Replace `·enabledAt:·new·Date()` with `⏎······enabledAt:·new·Date(),⏎···`                                                                                                                                                                                                                                                                                                       prettier/prettier
   47:18  error    Replace `strategy.validate(request,·{·...payload,·mfaVerified:·true·})` with `⏎······strategy.validate(request,·{·...payload,·mfaVerified:·true·}),⏎····`                                                                                                                                                                                                                       prettier/prettier
   47:36  warning  Unsafe argument of type `any` assigned to a parameter of type `Request<ParamsDictionary, any, any, ParsedQs, Record<string, any>>`                                                                                                                                                                                                                                              @typescript-eslint/no-unsafe-argument
   51:18  error    Replace `strategy.validate(request,·{·...payload,·mfaVerified:·true·})` with `⏎······strategy.validate(request,·{·...payload,·mfaVerified:·true·}),⏎····`                                                                                                                                                                                                                       prettier/prettier
   51:36  warning  Unsafe argument of type `any` assigned to a parameter of type `Request<ParamsDictionary, any, any, ParsedQs, Record<string, any>>`                                                                                                                                                                                                                                              @typescript-eslint/no-unsafe-argument
   53:56  error    Replace `·enabledAt:·new·Date()` with `⏎······enabledAt:·new·Date(),⏎···`                                                                                                                                                                                                                                                                                                       prettier/prettier
   54:36  warning  Unsafe argument of type `any` assigned to a parameter of type `Request<ParamsDictionary, any, any, ParsedQs, Record<string, any>>`                                                                                                                                                                                                                                              @typescript-eslint/no-unsafe-argument
   57:36  warning  Unsafe argument of type `any` assigned to a parameter of type `Request<ParamsDictionary, any, any, ParsedQs, Record<string, any>>`                                                                                                                                                                                                                                              @typescript-eslint/no-unsafe-argument
   59:56  error    Replace `·enabledAt:·new·Date()` with `⏎······enabledAt:·new·Date(),⏎···`                                                                                                                                                                                                                                                                                                       prettier/prettier
   60:36  warning  Unsafe argument of type `any` assigned to a parameter of type `Request<ParamsDictionary, any, any, ParsedQs, Record<string, any>>`                                                                                                                                                                                                                                              @typescript-eslint/no-unsafe-argument
   63:36  warning  Unsafe argument of type `any` assigned to a parameter of type `Request<ParamsDictionary, any, any, ParsedQs, Record<string, any>>`                                                                                                                                                                                                                                              @typescript-eslint/no-unsafe-argument
   70:36  warning  Unsafe argument of type `any` assigned to a parameter of type `Request<ParamsDictionary, any, any, ParsedQs, Record<string, any>>`                                                                                                                                                                                                                                              @typescript-eslint/no-unsafe-argument
   87:36  warning  Unsafe argument of type `any` assigned to a parameter of type `Request<ParamsDictionary, any, any, ParsedQs, Record<string, any>>`                                                                                                                                                                                                                                              @typescript-eslint/no-unsafe-argument
   99:36  warning  Unsafe argument of type `any` assigned to a parameter of type `Request<ParamsDictionary, any, any, ParsedQs, Record<string, any>>`                                                                                                                                                                                                                                              @typescript-eslint/no-unsafe-argument
  105:36  warning  Unsafe argument of type `any` assigned to a parameter of type `Request<ParamsDictionary, any, any, ParsedQs, Record<string, any>>`                                                                                                                                                                                                                                              @typescript-eslint/no-unsafe-argument
  113:29  warning  Unsafe argument of type `any` assigned to a parameter of type `Request<ParamsDictionary, any, any, ParsedQs, Record<string, any>>`                                                                                                                                                                                                                                              @typescript-eslint/no-unsafe-argument

C:\Users\dfajardo\OneDrive - COMISION NACIONAL DE ENERGIA\Documentos\github\delphin-erp\apps\api\src\modules\auth\strategies\jwt.strategy.ts
  63:39  error    Replace `·where:·{·id:·payload.sub·},·select:·{·mfaHabilitado:·true·}` with `⏎········where:·{·id:·payload.sub·},⏎········select:·{·mfaHabilitado:·true·},⏎·····`                                                                                                                                                                                prettier/prettier
  64:45  error    Replace `·where:·{·usuarioId:·payload.sub·},·select:·{·enabledAt:·true·}` with `⏎········where:·{·usuarioId:·payload.sub·},⏎········select:·{·enabledAt:·true·},⏎·····`                                                                                                                                                                          prettier/prettier
  67:9   error    Insert `⏎······`                                                                                                                                                                                                                                                                                                                                 prettier/prettier
  68:1   error    Replace `········(!credential?.enabledAt·||·payload.mfaVerified·!==·true)` with `······(!credential?.enabledAt·||·payload.mfaVerified·!==·true)⏎····`                                                                                                                                                                                            prettier/prettier
  69:40  error    Replace `·code:·'MFA_REQUIRED',·message:·'Vuelve·a·iniciar·sesión·y·completa·la·verificación·de·dos·pasos.·Si·tu·aplicación·no·la·admite,·actualízala.'` with `⏎········code:·'MFA_REQUIRED',⏎········message:⏎··········'Vuelve·a·iniciar·sesión·y·completa·la·verificación·de·dos·pasos.·Si·tu·aplicación·no·la·admite,·actualízala.',⏎·····`  prettier/prettier
  78:19  warning  Unsafe argument of type `any` assigned to a parameter of type `string`                                                                                                                                                                                                                                                                           @typescript-eslint/no-unsafe-argument

C:\Users\dfajardo\OneDrive - COMISION NACIONAL DE ENERGIA\Documentos\github\delphin-erp\apps\api\src\modules\auth\strategies\local.strategy.spec.ts
   9:40  warning  Unsafe argument of type `any` assigned to a parameter of type `AuthService`  @typescript-eslint/no-unsafe-argument
  23:40  warning  Unsafe argument of type `any` assigned to a parameter of type `AuthService`  @typescript-eslint/no-unsafe-argument

C:\Users\dfajardo\OneDrive - COMISION NACIONAL DE ENERGIA\Documentos\github\delphin-erp\apps\api\src\modules\auth\strategies\local.strategy.ts
  25:7  warning  Unsafe argument of type `any` assigned to a parameter of type `"owner" | "member" | undefined`  @typescript-eslint/no-unsafe-argument

C:\Users\dfajardo\OneDrive - COMISION NACIONAL DE ENERGIA\Documentos\github\delphin-erp\apps\api\src\modules\backups\backups.controller.ts
   33:30  warning  Unsafe argument of type `any` assigned to a parameter of type `string`                     @typescript-eslint/no-unsafe-argument
   33:39  warning  Unsafe argument of type `any` assigned to a parameter of type `string | undefined`         @typescript-eslint/no-unsafe-argument
   43:37  warning  Unsafe argument of type `any` assigned to a parameter of type `string`                     @typescript-eslint/no-unsafe-argument
   43:46  warning  Unsafe argument of type `any` assigned to a parameter of type `string | undefined`         @typescript-eslint/no-unsafe-argument
   55:7   warning  Unsafe argument of type `any` assigned to a parameter of type `string`                     @typescript-eslint/no-unsafe-argument
   56:7   warning  Unsafe argument of type `any` assigned to a parameter of type `string | undefined`         @typescript-eslint/no-unsafe-argument
   73:7   warning  Unsafe argument of type `any` assigned to a parameter of type `string`                     @typescript-eslint/no-unsafe-argument
   74:7   warning  Unsafe argument of type `any` assigned to a parameter of type `string | undefined`         @typescript-eslint/no-unsafe-argument
   83:38  warning  Unsafe argument of type `any` assigned to a parameter of type `string`                     @typescript-eslint/no-unsafe-argument
   90:41  warning  Unsafe argument of type `any` assigned to a parameter of type `string`                     @typescript-eslint/no-unsafe-argument
  111:9   warning  Unsafe argument of type `any` assigned to a parameter of type `string | number | boolean`  @typescript-eslint/no-unsafe-argument
  123:42  warning  Unsafe argument of type `any` assigned to a parameter of type `string`                     @typescript-eslint/no-unsafe-argument
  134:47  warning  Unsafe argument of type `any` assigned to a parameter of type `string`                     @typescript-eslint/no-unsafe-argument
  144:32  warning  Unsafe argument of type `any` assigned to a parameter of type `string`                     @typescript-eslint/no-unsafe-argument

C:\Users\dfajardo\OneDrive - COMISION NACIONAL DE ENERGIA\Documentos\github\delphin-erp\apps\api\src\modules\backups\tenant-archive.ts
   75:60  warning  Unsafe argument of type `any` assigned to a parameter of type `string`                              @typescript-eslint/no-unsafe-argument
  133:25  warning  Unsafe argument of type `any` assigned to a parameter of type `TenantArchive`                       @typescript-eslint/no-unsafe-argument
  213:41  warning  Unsafe argument of type `any` assigned to a parameter of type `string | number | bigint | boolean`  @typescript-eslint/no-unsafe-argument
  215:43  warning  Unsafe argument of type `any` assigned to a parameter of type `string | number | Date`              @typescript-eslint/no-unsafe-argument

C:\Users\dfajardo\OneDrive - COMISION NACIONAL DE ENERGIA\Documentos\github\delphin-erp\apps\api\src\modules\billing-config\billing-config.controller.ts
  34:29  warning  Unsafe argument of type `any` assigned to a parameter of type `string`  @typescript-eslint/no-unsafe-argument
  40:32  warning  Unsafe argument of type `any` assigned to a parameter of type `string`  @typescript-eslint/no-unsafe-argument
  40:48  warning  Unsafe argument of type `any` assigned to a parameter of type `string`  @typescript-eslint/no-unsafe-argument
  46:35  warning  Unsafe argument of type `any` assigned to a parameter of type `string`  @typescript-eslint/no-unsafe-argument
  52:35  warning  Unsafe argument of type `any` assigned to a parameter of type `string`  @typescript-eslint/no-unsafe-argument
  52:51  warning  Unsafe argument of type `any` assigned to a parameter of type `string`  @typescript-eslint/no-unsafe-argument
  62:35  warning  Unsafe argument of type `any` assigned to a parameter of type `string`  @typescript-eslint/no-unsafe-argument
  62:51  warning  Unsafe argument of type `any` assigned to a parameter of type `string`  @typescript-eslint/no-unsafe-argument
  68:35  warning  Unsafe argument of type `any` assigned to a parameter of type `string`  @typescript-eslint/no-unsafe-argument
  74:36  warning  Unsafe argument of type `any` assigned to a parameter of type `string`  @typescript-eslint/no-unsafe-argument
  74:52  warning  Unsafe argument of type `any` assigned to a parameter of type `string`  @typescript-eslint/no-unsafe-argument
  84:36  warning  Unsafe argument of type `any` assigned to a parameter of type `string`  @typescript-eslint/no-unsafe-argument
  84:52  warning  Unsafe argument of type `any` assigned to a parameter of type `string`  @typescript-eslint/no-unsafe-argument

C:\Users\dfajardo\OneDrive - COMISION NACIONAL DE ENERGIA\Documentos\github\delphin-erp\apps\api\src\modules\billing-config\billing-config.service.ts
  164:22  warning  Unsafe argument of type `any` assigned to a parameter of type `string | number | Date`  @typescript-eslint/no-unsafe-argument

C:\Users\dfajardo\OneDrive - COMISION NACIONAL DE ENERGIA\Documentos\github\delphin-erp\apps\api\src\modules\catalogs\brands\brands.controller.spec.ts
  39:5  warning  Promises must be awaited, end with a call to .catch, end with a call to .then with a rejection handler or be explicitly marked as ignored with the `void` operator  @typescript-eslint/no-floating-promises
  40:5  warning  Promises must be awaited, end with a call to .catch, end with a call to .then with a rejection handler or be explicitly marked as ignored with the `void` operator  @typescript-eslint/no-floating-promises
  41:5  warning  Promises must be awaited, end with a call to .catch, end with a call to .then with a rejection handler or be explicitly marked as ignored with the `void` operator  @typescript-eslint/no-floating-promises
  42:5  warning  Promises must be awaited, end with a call to .catch, end with a call to .then with a rejection handler or be explicitly marked as ignored with the `void` operator  @typescript-eslint/no-floating-promises
  43:5  warning  Promises must be awaited, end with a call to .catch, end with a call to .then with a rejection handler or be explicitly marked as ignored with the `void` operator  @typescript-eslint/no-floating-promises

C:\Users\dfajardo\OneDrive - COMISION NACIONAL DE ENERGIA\Documentos\github\delphin-erp\apps\api\src\modules\catalogs\brands\brands.controller.ts
  30:38  warning  Unsafe argument of type `any` assigned to a parameter of type `string`  @typescript-eslint/no-unsafe-argument
  37:39  warning  Unsafe argument of type `any` assigned to a parameter of type `string`  @typescript-eslint/no-unsafe-argument
  44:43  warning  Unsafe argument of type `any` assigned to a parameter of type `string`  @typescript-eslint/no-unsafe-argument
  55:42  warning  Unsafe argument of type `any` assigned to a parameter of type `string`  @typescript-eslint/no-unsafe-argument
  62:42  warning  Unsafe argument of type `any` assigned to a parameter of type `string`  @typescript-eslint/no-unsafe-argument

C:\Users\dfajardo\OneDrive - COMISION NACIONAL DE ENERGIA\Documentos\github\delphin-erp\apps\api\src\modules\catalogs\categories\categories.controller.spec.ts
  39:5  warning  Promises must be awaited, end with a call to .catch, end with a call to .then with a rejection handler or be explicitly marked as ignored with the `void` operator  @typescript-eslint/no-floating-promises
  40:5  warning  Promises must be awaited, end with a call to .catch, end with a call to .then with a rejection handler or be explicitly marked as ignored with the `void` operator  @typescript-eslint/no-floating-promises
  41:5  warning  Promises must be awaited, end with a call to .catch, end with a call to .then with a rejection handler or be explicitly marked as ignored with the `void` operator  @typescript-eslint/no-floating-promises
  42:5  warning  Promises must be awaited, end with a call to .catch, end with a call to .then with a rejection handler or be explicitly marked as ignored with the `void` operator  @typescript-eslint/no-floating-promises
  43:5  warning  Promises must be awaited, end with a call to .catch, end with a call to .then with a rejection handler or be explicitly marked as ignored with the `void` operator  @typescript-eslint/no-floating-promises

C:\Users\dfajardo\OneDrive - COMISION NACIONAL DE ENERGIA\Documentos\github\delphin-erp\apps\api\src\modules\catalogs\categories\categories.controller.ts
  34:42  warning  Unsafe argument of type `any` assigned to a parameter of type `string`  @typescript-eslint/no-unsafe-argument
  41:43  warning  Unsafe argument of type `any` assigned to a parameter of type `string`  @typescript-eslint/no-unsafe-argument
  48:43  warning  Unsafe argument of type `any` assigned to a parameter of type `string`  @typescript-eslint/no-unsafe-argument
  59:42  warning  Unsafe argument of type `any` assigned to a parameter of type `string`  @typescript-eslint/no-unsafe-argument
  66:42  warning  Unsafe argument of type `any` assigned to a parameter of type `string`  @typescript-eslint/no-unsafe-argument

C:\Users\dfajardo\OneDrive - COMISION NACIONAL DE ENERGIA\Documentos\github\delphin-erp\apps\api\src\modules\catalogs\products\products.controller.spec.ts
  70:5  warning  Promises must be awaited, end with a call to .catch, end with a call to .then with a rejection handler or be explicitly marked as ignored with the `void` operator  @typescript-eslint/no-floating-promises
  71:5  warning  Promises must be awaited, end with a call to .catch, end with a call to .then with a rejection handler or be explicitly marked as ignored with the `void` operator  @typescript-eslint/no-floating-promises

C:\Users\dfajardo\OneDrive - COMISION NACIONAL DE ENERGIA\Documentos\github\delphin-erp\apps\api\src\modules\catalogs\products\products.controller.ts
   40:7   warning  Unsafe argument of type `any` assigned to a parameter of type `string`                                                                                              @typescript-eslint/no-unsafe-argument
   42:7   warning  Unsafe argument of type `any` assigned to a parameter of type `string | undefined`                                                                                  @typescript-eslint/no-unsafe-argument
   44:5   warning  Promises must be awaited, end with a call to .catch, end with a call to .then with a rejection handler or be explicitly marked as ignored with the `void` operator  @typescript-eslint/no-floating-promises
   62:41  warning  Unsafe argument of type `any` assigned to a parameter of type `string`                                                                                              @typescript-eslint/no-unsafe-argument
   72:7   warning  Unsafe argument of type `any` assigned to a parameter of type `string`                                                                                              @typescript-eslint/no-unsafe-argument
   82:41  warning  Unsafe argument of type `any` assigned to a parameter of type `string`                                                                                              @typescript-eslint/no-unsafe-argument
   94:7   warning  Unsafe argument of type `any` assigned to a parameter of type `string`                                                                                              @typescript-eslint/no-unsafe-argument
   97:7   warning  Unsafe argument of type `any` assigned to a parameter of type `string | undefined`                                                                                  @typescript-eslint/no-unsafe-argument
   99:5   warning  Promises must be awaited, end with a call to .catch, end with a call to .then with a rejection handler or be explicitly marked as ignored with the `void` operator  @typescript-eslint/no-floating-promises
  117:57  warning  Unsafe argument of type `any` assigned to a parameter of type `string`                                                                                              @typescript-eslint/no-unsafe-argument
  118:54  warning  Unsafe argument of type `any` assigned to a parameter of type `string`                                                                                              @typescript-eslint/no-unsafe-argument
  119:5   warning  Promises must be awaited, end with a call to .catch, end with a call to .then with a rejection handler or be explicitly marked as ignored with the `void` operator  @typescript-eslint/no-floating-promises

C:\Users\dfajardo\OneDrive - COMISION NACIONAL DE ENERGIA\Documentos\github\delphin-erp\apps\api\src\modules\catalogs\products\products.service.ts
   30:9   warning  Unsafe argument of type `any` assigned to a parameter of type `string`                  @typescript-eslint/no-unsafe-argument
  111:54  warning  Unsafe argument of type `any` assigned to a parameter of type `any[]`                   @typescript-eslint/no-unsafe-argument
  327:45  warning  Unsafe argument of type `any` assigned to a parameter of type `any[]`                   @typescript-eslint/no-unsafe-argument
  448:9   warning  Unsafe argument of type `any` assigned to a parameter of type `string`                  @typescript-eslint/no-unsafe-argument
  503:56  warning  Unsafe argument of type `any` assigned to a parameter of type `string | number | Date`  @typescript-eslint/no-unsafe-argument
  506:56  warning  Unsafe argument of type `any` assigned to a parameter of type `string | number | Date`  @typescript-eslint/no-unsafe-argument

C:\Users\dfajardo\OneDrive - COMISION NACIONAL DE ENERGIA\Documentos\github\delphin-erp\apps\api\src\modules\catalogs\units\units.controller.spec.ts
  39:5  warning  Promises must be awaited, end with a call to .catch, end with a call to .then with a rejection handler or be explicitly marked as ignored with the `void` operator  @typescript-eslint/no-floating-promises
  40:5  warning  Promises must be awaited, end with a call to .catch, end with a call to .then with a rejection handler or be explicitly marked as ignored with the `void` operator  @typescript-eslint/no-floating-promises
  41:5  warning  Promises must be awaited, end with a call to .catch, end with a call to .then with a rejection handler or be explicitly marked as ignored with the `void` operator  @typescript-eslint/no-floating-promises
  42:5  warning  Promises must be awaited, end with a call to .catch, end with a call to .then with a rejection handler or be explicitly marked as ignored with the `void` operator  @typescript-eslint/no-floating-promises
  43:5  warning  Promises must be awaited, end with a call to .catch, end with a call to .then with a rejection handler or be explicitly marked as ignored with the `void` operator  @typescript-eslint/no-floating-promises

C:\Users\dfajardo\OneDrive - COMISION NACIONAL DE ENERGIA\Documentos\github\delphin-erp\apps\api\src\modules\catalogs\units\units.controller.ts
  31:37  warning  Unsafe argument of type `any` assigned to a parameter of type `string`  @typescript-eslint/no-unsafe-argument
  38:38  warning  Unsafe argument of type `any` assigned to a parameter of type `string`  @typescript-eslint/no-unsafe-argument
  45:42  warning  Unsafe argument of type `any` assigned to a parameter of type `string`  @typescript-eslint/no-unsafe-argument
  56:41  warning  Unsafe argument of type `any` assigned to a parameter of type `string`  @typescript-eslint/no-unsafe-argument
  63:41  warning  Unsafe argument of type `any` assigned to a parameter of type `string`  @typescript-eslint/no-unsafe-argument

C:\Users\dfajardo\OneDrive - COMISION NACIONAL DE ENERGIA\Documentos\github\delphin-erp\apps\api\src\modules\commercial\clients\clients.controller.spec.ts
  39:5  warning  Promises must be awaited, end with a call to .catch, end with a call to .then with a rejection handler or be explicitly marked as ignored with the `void` operator  @typescript-eslint/no-floating-promises
  43:5  warning  Promises must be awaited, end with a call to .catch, end with a call to .then with a rejection handler or be explicitly marked as ignored with the `void` operator  @typescript-eslint/no-floating-promises
  44:5  warning  Promises must be awaited, end with a call to .catch, end with a call to .then with a rejection handler or be explicitly marked as ignored with the `void` operator  @typescript-eslint/no-floating-promises
  45:5  warning  Promises must be awaited, end with a call to .catch, end with a call to .then with a rejection handler or be explicitly marked as ignored with the `void` operator  @typescript-eslint/no-floating-promises
  46:5  warning  Promises must be awaited, end with a call to .catch, end with a call to .then with a rejection handler or be explicitly marked as ignored with the `void` operator  @typescript-eslint/no-floating-promises

C:\Users\dfajardo\OneDrive - COMISION NACIONAL DE ENERGIA\Documentos\github\delphin-erp\apps\api\src\modules\commercial\clients\clients.controller.ts
  33:39  warning  Unsafe argument of type `any` assigned to a parameter of type `string`  @typescript-eslint/no-unsafe-argument
  40:40  warning  Unsafe argument of type `any` assigned to a parameter of type `string`  @typescript-eslint/no-unsafe-argument
  47:44  warning  Unsafe argument of type `any` assigned to a parameter of type `string`  @typescript-eslint/no-unsafe-argument
  58:43  warning  Unsafe argument of type `any` assigned to a parameter of type `string`  @typescript-eslint/no-unsafe-argument
  65:43  warning  Unsafe argument of type `any` assigned to a parameter of type `string`  @typescript-eslint/no-unsafe-argument

C:\Users\dfajardo\OneDrive - COMISION NACIONAL DE ENERGIA\Documentos\github\delphin-erp\apps\api\src\modules\commercial\suppliers\suppliers.controller.spec.ts
  39:5  warning  Promises must be awaited, end with a call to .catch, end with a call to .then with a rejection handler or be explicitly marked as ignored with the `void` operator  @typescript-eslint/no-floating-promises
  43:5  warning  Promises must be awaited, end with a call to .catch, end with a call to .then with a rejection handler or be explicitly marked as ignored with the `void` operator  @typescript-eslint/no-floating-promises
  44:5  warning  Promises must be awaited, end with a call to .catch, end with a call to .then with a rejection handler or be explicitly marked as ignored with the `void` operator  @typescript-eslint/no-floating-promises
  45:5  warning  Promises must be awaited, end with a call to .catch, end with a call to .then with a rejection handler or be explicitly marked as ignored with the `void` operator  @typescript-eslint/no-floating-promises
  46:5  warning  Promises must be awaited, end with a call to .catch, end with a call to .then with a rejection handler or be explicitly marked as ignored with the `void` operator  @typescript-eslint/no-floating-promises

C:\Users\dfajardo\OneDrive - COMISION NACIONAL DE ENERGIA\Documentos\github\delphin-erp\apps\api\src\modules\commercial\suppliers\suppliers.controller.ts
  33:41  warning  Unsafe argument of type `any` assigned to a parameter of type `string`  @typescript-eslint/no-unsafe-argument
  40:42  warning  Unsafe argument of type `any` assigned to a parameter of type `string`  @typescript-eslint/no-unsafe-argument
  47:46  warning  Unsafe argument of type `any` assigned to a parameter of type `string`  @typescript-eslint/no-unsafe-argument
  58:45  warning  Unsafe argument of type `any` assigned to a parameter of type `string`  @typescript-eslint/no-unsafe-argument
  65:45  warning  Unsafe argument of type `any` assigned to a parameter of type `string`  @typescript-eslint/no-unsafe-argument

C:\Users\dfajardo\OneDrive - COMISION NACIONAL DE ENERGIA\Documentos\github\delphin-erp\apps\api\src\modules\credit-notes\credit-notes.controller.ts
  28:36  warning  Unsafe argument of type `any` assigned to a parameter of type `string`  @typescript-eslint/no-unsafe-argument
  28:52  warning  Unsafe argument of type `any` assigned to a parameter of type `string`  @typescript-eslint/no-unsafe-argument
  34:37  warning  Unsafe argument of type `any` assigned to a parameter of type `string`  @typescript-eslint/no-unsafe-argument
  40:37  warning  Unsafe argument of type `any` assigned to a parameter of type `string`  @typescript-eslint/no-unsafe-argument

C:\Users\dfajardo\OneDrive - COMISION NACIONAL DE ENERGIA\Documentos\github\delphin-erp\apps\api\src\modules\credit-notes\credit-notes.service.spec.ts
  2:29  error  Delete `,`  prettier/prettier

C:\Users\dfajardo\OneDrive - COMISION NACIONAL DE ENERGIA\Documentos\github\delphin-erp\apps\api\src\modules\customer-payments\customer-payments.controller.ts
  30:32  warning  Unsafe argument of type `any` assigned to a parameter of type `string`  @typescript-eslint/no-unsafe-argument
  30:48  warning  Unsafe argument of type `any` assigned to a parameter of type `string`  @typescript-eslint/no-unsafe-argument
  40:33  warning  Unsafe argument of type `any` assigned to a parameter of type `string`  @typescript-eslint/no-unsafe-argument
  49:36  warning  Unsafe argument of type `any` assigned to a parameter of type `string`  @typescript-eslint/no-unsafe-argument
  59:44  warning  Unsafe argument of type `any` assigned to a parameter of type `string`  @typescript-eslint/no-unsafe-argument
  66:33  warning  Unsafe argument of type `any` assigned to a parameter of type `string`  @typescript-eslint/no-unsafe-argument
  73:32  warning  Unsafe argument of type `any` assigned to a parameter of type `string`  @typescript-eslint/no-unsafe-argument
  73:48  warning  Unsafe argument of type `any` assigned to a parameter of type `string`  @typescript-eslint/no-unsafe-argument

C:\Users\dfajardo\OneDrive - COMISION NACIONAL DE ENERGIA\Documentos\github\delphin-erp\apps\api\src\modules\dashboard\dashboard.controller.spec.ts
  25:5  warning  Promises must be awaited, end with a call to .catch, end with a call to .then with a rejection handler or be explicitly marked as ignored with the `void` operator  @typescript-eslint/no-floating-promises

C:\Users\dfajardo\OneDrive - COMISION NACIONAL DE ENERGIA\Documentos\github\delphin-erp\apps\api\src\modules\dashboard\dashboard.controller.ts
  20:45  warning  Unsafe argument of type `any` assigned to a parameter of type `string`  @typescript-eslint/no-unsafe-argument

C:\Users\dfajardo\OneDrive - COMISION NACIONAL DE ENERGIA\Documentos\github\delphin-erp\apps\api\src\modules\email-templates\email-delivery.spec.ts
  113:49  warning  Unsafe argument of type `any` assigned to a parameter of type `Options & Partial<Options>`             @typescript-eslint/no-unsafe-argument
  117:16  error    'result.message' may use Object's default stringification format ('[object Object]') when stringified  @typescript-eslint/no-base-to-string
  134:49  warning  Unsafe argument of type `any` assigned to a parameter of type `PrismaService`                          @typescript-eslint/no-unsafe-argument
  134:57  warning  Unsafe argument of type `any` assigned to a parameter of type `ActivityLogService`                     @typescript-eslint/no-unsafe-argument
  136:7   warning  Unsafe argument of type `any` assigned to a parameter of type `MailerService`                          @typescript-eslint/no-unsafe-argument
  138:7   warning  Unsafe argument of type `any` assigned to a parameter of type `PrismaService`                          @typescript-eslint/no-unsafe-argument
  169:49  warning  Unsafe argument of type `any` assigned to a parameter of type `PrismaService`                          @typescript-eslint/no-unsafe-argument
  169:57  warning  Unsafe argument of type `any` assigned to a parameter of type `ActivityLogService`                     @typescript-eslint/no-unsafe-argument
  196:49  warning  Unsafe argument of type `any` assigned to a parameter of type `PrismaService`                          @typescript-eslint/no-unsafe-argument
  196:57  warning  Unsafe argument of type `any` assigned to a parameter of type `ActivityLogService`                     @typescript-eslint/no-unsafe-argument

C:\Users\dfajardo\OneDrive - COMISION NACIONAL DE ENERGIA\Documentos\github\delphin-erp\apps\api\src\modules\email-templates\email-renderer.ts
   12:32  error  Replace `·typeof·value·===·'number'·||·typeof·value·===·'boolean'·?·String(value)·:·''` with `⏎··typeof·value·===·'number'·||⏎··typeof·value·===·'boolean'⏎····?·String(value)⏎····:·''⏎··`  prettier/prettier
  110:15  error  Replace `.map(char·=>·char.charCodeAt(0)·<·32·?·'·'·:·char)` with `⏎····.map((char)·=>·(char.charCodeAt(0)·<·32·?·'·'·:·char))⏎····`                                                         prettier/prettier

C:\Users\dfajardo\OneDrive - COMISION NACIONAL DE ENERGIA\Documentos\github\delphin-erp\apps\api\src\modules\email-templates\email-templates.controller.ts
  18:14  error    Delete `·`                                                                          prettier/prettier
  40:32  warning  Unsafe argument of type `any` assigned to a parameter of type `string`              @typescript-eslint/no-unsafe-argument
  40:48  warning  Unsafe argument of type `any` assigned to a parameter of type `string`              @typescript-eslint/no-unsafe-argument
  51:7   warning  Unsafe argument of type `any` assigned to a parameter of type `string`              @typescript-eslint/no-unsafe-argument
  52:7   warning  Unsafe argument of type `any` assigned to a parameter of type `string`              @typescript-eslint/no-unsafe-argument
  56:7   warning  Unsafe argument of type `any` assigned to a parameter of type `string | undefined`  @typescript-eslint/no-unsafe-argument
  68:7   warning  Unsafe argument of type `any` assigned to a parameter of type `string`              @typescript-eslint/no-unsafe-argument
  69:7   warning  Unsafe argument of type `any` assigned to a parameter of type `string`              @typescript-eslint/no-unsafe-argument
  72:7   warning  Unsafe argument of type `any` assigned to a parameter of type `string | undefined`  @typescript-eslint/no-unsafe-argument
  82:35  warning  Unsafe argument of type `any` assigned to a parameter of type `string`              @typescript-eslint/no-unsafe-argument
  82:51  warning  Unsafe argument of type `any` assigned to a parameter of type `string`              @typescript-eslint/no-unsafe-argument

C:\Users\dfajardo\OneDrive - COMISION NACIONAL DE ENERGIA\Documentos\github\delphin-erp\apps\api\src\modules\email-templates\email-templates.service.ts
  112:11  warning  Unsafe argument of type `any` assigned to a parameter of type `number`  @typescript-eslint/no-unsafe-argument

C:\Users\dfajardo\OneDrive - COMISION NACIONAL DE ENERGIA\Documentos\github\delphin-erp\apps\api\src\modules\empresas\empresas.controller.spec.ts
  50:5  warning  Promises must be awaited, end with a call to .catch, end with a call to .then with a rejection handler or be explicitly marked as ignored with the `void` operator  @typescript-eslint/no-floating-promises
  82:5  warning  Promises must be awaited, end with a call to .catch, end with a call to .then with a rejection handler or be explicitly marked as ignored with the `void` operator  @typescript-eslint/no-floating-promises
  83:5  warning  Promises must be awaited, end with a call to .catch, end with a call to .then with a rejection handler or be explicitly marked as ignored with the `void` operator  @typescript-eslint/no-floating-promises
  89:5  warning  Promises must be awaited, end with a call to .catch, end with a call to .then with a rejection handler or be explicitly marked as ignored with the `void` operator  @typescript-eslint/no-floating-promises
  96:5  warning  Promises must be awaited, end with a call to .catch, end with a call to .then with a rejection handler or be explicitly marked as ignored with the `void` operator  @typescript-eslint/no-floating-promises
  97:5  warning  Promises must be awaited, end with a call to .catch, end with a call to .then with a rejection handler or be explicitly marked as ignored with the `void` operator  @typescript-eslint/no-floating-promises

C:\Users\dfajardo\OneDrive - COMISION NACIONAL DE ENERGIA\Documentos\github\delphin-erp\apps\api\src\modules\empresas\empresas.controller.ts
  31:40  warning  Unsafe argument of type `any` assigned to a parameter of type `string`  @typescript-eslint/no-unsafe-argument
  65:45  warning  Unsafe argument of type `any` assigned to a parameter of type `string`  @typescript-eslint/no-unsafe-argument
  73:48  warning  Unsafe argument of type `any` assigned to a parameter of type `string`  @typescript-eslint/no-unsafe-argument
  79:47  warning  Unsafe argument of type `any` assigned to a parameter of type `string`  @typescript-eslint/no-unsafe-argument
  79:56  warning  Unsafe argument of type `any` assigned to a parameter of type `string`  @typescript-eslint/no-unsafe-argument
  89:40  warning  Unsafe argument of type `any` assigned to a parameter of type `string`  @typescript-eslint/no-unsafe-argument
  95:40  warning  Unsafe argument of type `any` assigned to a parameter of type `string`  @typescript-eslint/no-unsafe-argument

C:\Users\dfajardo\OneDrive - COMISION NACIONAL DE ENERGIA\Documentos\github\delphin-erp\apps\api\src\modules\empresas\empresas.service.ts
  275:25  warning  Unsafe argument of type `any` assigned to a parameter of type `string`  @typescript-eslint/no-unsafe-argument
  281:25  warning  Unsafe argument of type `any` assigned to a parameter of type `string`  @typescript-eslint/no-unsafe-argument
  287:25  warning  Unsafe argument of type `any` assigned to a parameter of type `string`  @typescript-eslint/no-unsafe-argument
  293:25  warning  Unsafe argument of type `any` assigned to a parameter of type `string`  @typescript-eslint/no-unsafe-argument

C:\Users\dfajardo\OneDrive - COMISION NACIONAL DE ENERGIA\Documentos\github\delphin-erp\apps\api\src\modules\inventory\inventory.controller.ts
   40:48  warning  Unsafe argument of type `any` assigned to a parameter of type `string`  @typescript-eslint/no-unsafe-argument
   48:50  warning  Unsafe argument of type `any` assigned to a parameter of type `string`  @typescript-eslint/no-unsafe-argument
   60:50  warning  Unsafe argument of type `any` assigned to a parameter of type `string`  @typescript-eslint/no-unsafe-argument
   75:44  warning  Unsafe argument of type `any` assigned to a parameter of type `string`  @typescript-eslint/no-unsafe-argument
   87:59  warning  Unsafe argument of type `any` assigned to a parameter of type `string`  @typescript-eslint/no-unsafe-argument
   99:49  warning  Unsafe argument of type `any` assigned to a parameter of type `string`  @typescript-eslint/no-unsafe-argument
   99:65  warning  Unsafe argument of type `any` assigned to a parameter of type `string`  @typescript-eslint/no-unsafe-argument
  109:51  warning  Unsafe argument of type `any` assigned to a parameter of type `string`  @typescript-eslint/no-unsafe-argument
  109:67  warning  Unsafe argument of type `any` assigned to a parameter of type `string`  @typescript-eslint/no-unsafe-argument
  125:7   warning  Unsafe argument of type `any` assigned to a parameter of type `string`  @typescript-eslint/no-unsafe-argument

C:\Users\dfajardo\OneDrive - COMISION NACIONAL DE ENERGIA\Documentos\github\delphin-erp\apps\api\src\modules\invoices\fiscal-payload.ts
    4:34  error    Replace `·value·instanceof·Prisma.Decimal·?·value·:·new·Prisma.Decimal(typeof·value·===·'string'·||·typeof·value·===·'number'·?·value·:·0` with `⏎··value·instanceof·Prisma.Decimal⏎····?·value⏎····:·new·Prisma.Decimal(⏎········typeof·value·===·'string'·||·typeof·value·===·'number'·?·value·:·0,⏎······`  prettier/prettier
   27:51  warning  Unsafe argument of type `any` assigned to a parameter of type `string`                                                                                                                                                                                                                                         @typescript-eslint/no-unsafe-argument
  116:43  warning  Unsafe argument of type `any` assigned to a parameter of type `string | Date | null | undefined`                                                                                                                                                                                                               @typescript-eslint/no-unsafe-argument
  125:33  warning  Unsafe argument of type `any` assigned to a parameter of type `string | Date | null | undefined`                                                                                                                                                                                                               @typescript-eslint/no-unsafe-argument
  163:28  warning  Unsafe argument of type `any` assigned to a parameter of type `string | Date | null | undefined`                                                                                                                                                                                                               @typescript-eslint/no-unsafe-argument
  185:23  warning  Unsafe argument of type `any` assigned to a parameter of type `string`                                                                                                                                                                                                                                         @typescript-eslint/no-unsafe-argument
  192:32  warning  Unsafe argument of type `any` assigned to a parameter of type `string | Date | null | undefined`                                                                                                                                                                                                               @typescript-eslint/no-unsafe-argument
  197:19  warning  Unsafe argument of type `any` assigned to a parameter of type `string | number | Date`                                                                                                                                                                                                                         @typescript-eslint/no-unsafe-argument
  198:20  warning  Unsafe argument of type `any` assigned to a parameter of type `string | number | Date`                                                                                                                                                                                                                         @typescript-eslint/no-unsafe-argument

C:\Users\dfajardo\OneDrive - COMISION NACIONAL DE ENERGIA\Documentos\github\delphin-erp\apps\api\src\modules\invoices\fiscalbridge.service.ts
   49:27  warning  Unsafe argument of type `any` assigned to a parameter of type `string | URL`                                    @typescript-eslint/no-unsafe-argument
   62:27  warning  Unsafe argument of type `any` assigned to a parameter of type `string | null | undefined`                       @typescript-eslint/no-unsafe-argument
   83:35  warning  Unsafe argument of type `any` assigned to a parameter of type `string | null | undefined`                       @typescript-eslint/no-unsafe-argument
   92:38  warning  Unsafe argument of type `any` assigned to a parameter of type `string | null | undefined`                       @typescript-eslint/no-unsafe-argument
  126:42  warning  Unsafe argument of type `any` assigned to a parameter of type `string | null | undefined`                       @typescript-eslint/no-unsafe-argument
  230:38  warning  Unsafe argument of type `any` assigned to a parameter of type `ArrayLike<unknown> | { [s: string]: unknown; }`  @typescript-eslint/no-unsafe-argument

C:\Users\dfajardo\OneDrive - COMISION NACIONAL DE ENERGIA\Documentos\github\delphin-erp\apps\api\src\modules\invoices\invoices.controller.ts
  31:40  warning  Unsafe argument of type `any` assigned to a parameter of type `string`  @typescript-eslint/no-unsafe-argument
  31:56  warning  Unsafe argument of type `any` assigned to a parameter of type `string`  @typescript-eslint/no-unsafe-argument
  37:41  warning  Unsafe argument of type `any` assigned to a parameter of type `string`  @typescript-eslint/no-unsafe-argument
  43:41  warning  Unsafe argument of type `any` assigned to a parameter of type `string`  @typescript-eslint/no-unsafe-argument
  49:52  warning  Unsafe argument of type `any` assigned to a parameter of type `string`  @typescript-eslint/no-unsafe-argument
  55:52  warning  Unsafe argument of type `any` assigned to a parameter of type `string`  @typescript-eslint/no-unsafe-argument
  61:43  warning  Unsafe argument of type `any` assigned to a parameter of type `string`  @typescript-eslint/no-unsafe-argument
  61:59  warning  Unsafe argument of type `any` assigned to a parameter of type `string`  @typescript-eslint/no-unsafe-argument
  67:40  warning  Unsafe argument of type `any` assigned to a parameter of type `string`  @typescript-eslint/no-unsafe-argument
  67:56  warning  Unsafe argument of type `any` assigned to a parameter of type `string`  @typescript-eslint/no-unsafe-argument
  77:42  warning  Unsafe argument of type `any` assigned to a parameter of type `string`  @typescript-eslint/no-unsafe-argument
  87:42  warning  Unsafe argument of type `any` assigned to a parameter of type `string`  @typescript-eslint/no-unsafe-argument

C:\Users\dfajardo\OneDrive - COMISION NACIONAL DE ENERGIA\Documentos\github\delphin-erp\apps\api\src\modules\invoices\invoices.service.spec.ts
  66:42  warning  Unsafe argument of type `any` assigned to a parameter of type `CreateInvoiceDto`  @typescript-eslint/no-unsafe-argument
  78:52  warning  Unsafe argument of type `any` assigned to a parameter of type `CreateInvoiceDto`  @typescript-eslint/no-unsafe-argument

C:\Users\dfajardo\OneDrive - COMISION NACIONAL DE ENERGIA\Documentos\github\delphin-erp\apps\api\src\modules\invoices\invoices.service.ts
  261:45  error  Invalid type "Decimal" of template literal expression  @typescript-eslint/restrict-template-expressions

C:\Users\dfajardo\OneDrive - COMISION NACIONAL DE ENERGIA\Documentos\github\delphin-erp\apps\api\src\modules\notifications\notification-alerts.service.spec.ts
  49:41  warning  Unsafe argument of type `any` assigned to a parameter of type `PrismaService`         @typescript-eslint/no-unsafe-argument
  49:49  warning  Unsafe argument of type `any` assigned to a parameter of type `NotificationsService`  @typescript-eslint/no-unsafe-argument

C:\Users\dfajardo\OneDrive - COMISION NACIONAL DE ENERGIA\Documentos\github\delphin-erp\apps\api\src\modules\notifications\notification-delivery.spec.ts
   20:7   warning  Unsafe argument of type `any` assigned to a parameter of type `PrismaService`                 @typescript-eslint/no-unsafe-argument
   21:7   warning  Unsafe argument of type `any` assigned to a parameter of type `NotificationsRealtimeService`  @typescript-eslint/no-unsafe-argument
   22:7   warning  Unsafe argument of type `any` assigned to a parameter of type `NotificationEmailService`      @typescript-eslint/no-unsafe-argument
   23:7   warning  Unsafe argument of type `any` assigned to a parameter of type `NotificationPushService`       @typescript-eslint/no-unsafe-argument
  154:9   warning  Unsafe argument of type `any` assigned to a parameter of type `boolean`                       @typescript-eslint/no-unsafe-argument
  180:35  warning  Unsafe argument of type `any` assigned to a parameter of type `PrismaService`                 @typescript-eslint/no-unsafe-argument

C:\Users\dfajardo\OneDrive - COMISION NACIONAL DE ENERGIA\Documentos\github\delphin-erp\apps\api\src\modules\notifications\notifications.controller.ts
   36:36  warning  Unsafe argument of type `any` assigned to a parameter of type `string`  @typescript-eslint/no-unsafe-argument
   46:43  warning  Unsafe argument of type `any` assigned to a parameter of type `string`  @typescript-eslint/no-unsafe-argument
   51:40  warning  Unsafe argument of type `any` assigned to a parameter of type `string`  @typescript-eslint/no-unsafe-argument
   56:43  warning  Unsafe argument of type `any` assigned to a parameter of type `string`  @typescript-eslint/no-unsafe-argument
   62:37  warning  Unsafe argument of type `any` assigned to a parameter of type `string`  @typescript-eslint/no-unsafe-argument
   68:38  warning  Unsafe argument of type `any` assigned to a parameter of type `string`  @typescript-eslint/no-unsafe-argument
   85:43  warning  Unsafe argument of type `any` assigned to a parameter of type `string`  @typescript-eslint/no-unsafe-argument
   95:7   warning  Unsafe argument of type `any` assigned to a parameter of type `string`  @typescript-eslint/no-unsafe-argument
  112:7   warning  Unsafe argument of type `any` assigned to a parameter of type `string`  @typescript-eslint/no-unsafe-argument
  122:48  warning  Unsafe argument of type `any` assigned to a parameter of type `string`  @typescript-eslint/no-unsafe-argument
  135:52  warning  Unsafe argument of type `any` assigned to a parameter of type `string`  @typescript-eslint/no-unsafe-argument
  141:15  warning  Unsafe argument of type `any` assigned to a parameter of type `string`  @typescript-eslint/no-unsafe-argument

C:\Users\dfajardo\OneDrive - COMISION NACIONAL DE ENERGIA\Documentos\github\delphin-erp\apps\api\src\modules\notifications\notifications.service.spec.ts
  20:9  warning  Unsafe argument of type `any` assigned to a parameter of type `PrismaService`                 @typescript-eslint/no-unsafe-argument
  21:9  warning  Unsafe argument of type `any` assigned to a parameter of type `NotificationsRealtimeService`  @typescript-eslint/no-unsafe-argument
  22:9  warning  Unsafe argument of type `any` assigned to a parameter of type `NotificationEmailService`      @typescript-eslint/no-unsafe-argument
  23:9  warning  Unsafe argument of type `any` assigned to a parameter of type `NotificationPushService`       @typescript-eslint/no-unsafe-argument

C:\Users\dfajardo\OneDrive - COMISION NACIONAL DE ENERGIA\Documentos\github\delphin-erp\apps\api\src\modules\notifications\notifications.service.ts
  394:40  warning  Unsafe argument of type `any` assigned to a parameter of type `string`                                               @typescript-eslint/no-unsafe-argument
  418:13  warning  Unsafe argument of type `any` assigned to a parameter of type `string`                                               @typescript-eslint/no-unsafe-argument
  419:13  warning  Unsafe argument of type `any` assigned to a parameter of type `string`                                               @typescript-eslint/no-unsafe-argument
  420:13  warning  Unsafe argument of type `any` assigned to a parameter of type `string`                                               @typescript-eslint/no-unsafe-argument
  444:30  warning  Unsafe argument of type `any` assigned to a parameter of type `{ endpoint: string; p256dh: string; auth: string; }`  @typescript-eslint/no-unsafe-argument
  533:58  warning  Unsafe argument of type `any` assigned to a parameter of type `string`                                               @typescript-eslint/no-unsafe-argument

C:\Users\dfajardo\OneDrive - COMISION NACIONAL DE ENERGIA\Documentos\github\delphin-erp\apps\api\src\modules\payments\azul.service.spec.ts
   86:31  warning  Unsafe argument of type `any` assigned to a parameter of type `AzulResponse`                                                                                        @typescript-eslint/no-unsafe-argument
   87:31  warning  Unsafe argument of type `any` assigned to a parameter of type `AzulResponse`                                                                                        @typescript-eslint/no-unsafe-argument
  100:5   warning  Promises must be awaited, end with a call to .catch, end with a call to .then with a rejection handler or be explicitly marked as ignored with the `void` operator  @typescript-eslint/no-floating-promises
  165:42  warning  Unsafe argument of type `any` assigned to a parameter of type `AxiosInstance`                                                                                       @typescript-eslint/no-unsafe-argument

C:\Users\dfajardo\OneDrive - COMISION NACIONAL DE ENERGIA\Documentos\github\delphin-erp\apps\api\src\modules\payments\billing-owner.guard.ts
  26:33  warning  Unsafe argument of type `any` assigned to a parameter of type `string`  @typescript-eslint/no-unsafe-argument

C:\Users\dfajardo\OneDrive - COMISION NACIONAL DE ENERGIA\Documentos\github\delphin-erp\apps\api\src\modules\payments\payments.controller.ts
  144:7  warning  Unsafe argument of type `any` assigned to a parameter of type `string`  @typescript-eslint/no-unsafe-argument
  231:7  warning  Unsafe argument of type `any` assigned to a parameter of type `string`  @typescript-eslint/no-unsafe-argument

C:\Users\dfajardo\OneDrive - COMISION NACIONAL DE ENERGIA\Documentos\github\delphin-erp\apps\api\src\modules\payments\payments.service.spec.ts
  102:41  warning  Unsafe argument of type `any` assigned to a parameter of type `PrismaService`    @typescript-eslint/no-unsafe-argument
  102:49  warning  Unsafe argument of type `any` assigned to a parameter of type `EmpresasService`  @typescript-eslint/no-unsafe-argument
  112:47  warning  Unsafe argument of type `any` assigned to a parameter of type `PrismaService`    @typescript-eslint/no-unsafe-argument
  112:55  warning  Unsafe argument of type `any` assigned to a parameter of type `EmpresasService`  @typescript-eslint/no-unsafe-argument

C:\Users\dfajardo\OneDrive - COMISION NACIONAL DE ENERGIA\Documentos\github\delphin-erp\apps\api\src\modules\promotions\promotions.controller.ts
  36:42  warning  Unsafe argument of type `any` assigned to a parameter of type `string`  @typescript-eslint/no-unsafe-argument
  36:58  warning  Unsafe argument of type `any` assigned to a parameter of type `string`  @typescript-eslint/no-unsafe-argument
  43:43  warning  Unsafe argument of type `any` assigned to a parameter of type `string`  @typescript-eslint/no-unsafe-argument
  53:54  warning  Unsafe argument of type `any` assigned to a parameter of type `string`  @typescript-eslint/no-unsafe-argument
  60:43  warning  Unsafe argument of type `any` assigned to a parameter of type `string`  @typescript-eslint/no-unsafe-argument
  72:42  warning  Unsafe argument of type `any` assigned to a parameter of type `string`  @typescript-eslint/no-unsafe-argument
  72:58  warning  Unsafe argument of type `any` assigned to a parameter of type `string`  @typescript-eslint/no-unsafe-argument
  80:48  warning  Unsafe argument of type `any` assigned to a parameter of type `string`  @typescript-eslint/no-unsafe-argument
  80:64  warning  Unsafe argument of type `any` assigned to a parameter of type `string`  @typescript-eslint/no-unsafe-argument
  88:42  warning  Unsafe argument of type `any` assigned to a parameter of type `string`  @typescript-eslint/no-unsafe-argument
  88:58  warning  Unsafe argument of type `any` assigned to a parameter of type `string`  @typescript-eslint/no-unsafe-argument

C:\Users\dfajardo\OneDrive - COMISION NACIONAL DE ENERGIA\Documentos\github\delphin-erp\apps\api\src\modules\promotions\promotions.service.ts
  12:9  error  Replace `⏎··EvaluatePromotionsDto,⏎·` with `·EvaluatePromotionsDto`  prettier/prettier

C:\Users\dfajardo\OneDrive - COMISION NACIONAL DE ENERGIA\Documentos\github\delphin-erp\apps\api\src\modules\purchases\dto\create-supplier-payment.dto.ts
  1:9  error  Replace `⏎··IsEnum,⏎··IsNumber,⏎··IsOptional,⏎··IsString,⏎··Min,⏎` with `·IsEnum,·IsNumber,·IsOptional,·IsString,·Min·`  prettier/prettier

C:\Users\dfajardo\OneDrive - COMISION NACIONAL DE ENERGIA\Documentos\github\delphin-erp\apps\api\src\modules\purchases\purchases.controller.ts
  33:41  warning  Unsafe argument of type `any` assigned to a parameter of type `string`  @typescript-eslint/no-unsafe-argument
  33:57  warning  Unsafe argument of type `any` assigned to a parameter of type `string`  @typescript-eslint/no-unsafe-argument
  40:42  warning  Unsafe argument of type `any` assigned to a parameter of type `string`  @typescript-eslint/no-unsafe-argument
  47:42  warning  Unsafe argument of type `any` assigned to a parameter of type `string`  @typescript-eslint/no-unsafe-argument
  60:7   warning  Unsafe argument of type `any` assigned to a parameter of type `string`  @typescript-eslint/no-unsafe-argument
  61:7   warning  Unsafe argument of type `any` assigned to a parameter of type `string`  @typescript-eslint/no-unsafe-argument
  76:41  warning  Unsafe argument of type `any` assigned to a parameter of type `string`  @typescript-eslint/no-unsafe-argument
  76:57  warning  Unsafe argument of type `any` assigned to a parameter of type `string`  @typescript-eslint/no-unsafe-argument

C:\Users\dfajardo\OneDrive - COMISION NACIONAL DE ENERGIA\Documentos\github\delphin-erp\apps\api\src\modules\quotes\quotes.controller.ts
   36:38  warning  Unsafe argument of type `any` assigned to a parameter of type `string`  @typescript-eslint/no-unsafe-argument
   36:54  warning  Unsafe argument of type `any` assigned to a parameter of type `string`  @typescript-eslint/no-unsafe-argument
   43:39  warning  Unsafe argument of type `any` assigned to a parameter of type `string`  @typescript-eslint/no-unsafe-argument
   50:42  warning  Unsafe argument of type `any` assigned to a parameter of type `string`  @typescript-eslint/no-unsafe-argument
   57:45  warning  Unsafe argument of type `any` assigned to a parameter of type `string`  @typescript-eslint/no-unsafe-argument
   64:39  warning  Unsafe argument of type `any` assigned to a parameter of type `string`  @typescript-eslint/no-unsafe-argument
   75:38  warning  Unsafe argument of type `any` assigned to a parameter of type `string`  @typescript-eslint/no-unsafe-argument
   82:38  warning  Unsafe argument of type `any` assigned to a parameter of type `string`  @typescript-eslint/no-unsafe-argument
   96:41  warning  Unsafe argument of type `any` assigned to a parameter of type `string`  @typescript-eslint/no-unsafe-argument
  104:48  warning  Unsafe argument of type `any` assigned to a parameter of type `string`  @typescript-eslint/no-unsafe-argument
  104:64  warning  Unsafe argument of type `any` assigned to a parameter of type `string`  @typescript-eslint/no-unsafe-argument

C:\Users\dfajardo\OneDrive - COMISION NACIONAL DE ENERGIA\Documentos\github\delphin-erp\apps\api\src\modules\quotes\quotes.service.ts
  306:7    warning  Promises must be awaited, end with a call to .catch, end with a call to .then with a rejection handler or be explicitly marked as ignored with the `void` operator  @typescript-eslint/no-floating-promises
  719:139  warning  Unsafe argument of type `any` assigned to a parameter of type `Value`                                                                                               @typescript-eslint/no-unsafe-argument
  720:42   warning  Unsafe argument of type `any` assigned to a parameter of type `Value`                                                                                               @typescript-eslint/no-unsafe-argument
  770:8    error    Unexpected control character(s) in regular expression: \x00, \x1f                                                                                                   no-control-regex

C:\Users\dfajardo\OneDrive - COMISION NACIONAL DE ENERGIA\Documentos\github\delphin-erp\apps\api\src\modules\reports\reports.controller.ts
   27:47  warning  Unsafe argument of type `any` assigned to a parameter of type `string`  @typescript-eslint/no-unsafe-argument
   37:53  warning  Unsafe argument of type `any` assigned to a parameter of type `string`  @typescript-eslint/no-unsafe-argument
   46:53  warning  Unsafe argument of type `any` assigned to a parameter of type `string`  @typescript-eslint/no-unsafe-argument
   55:51  warning  Unsafe argument of type `any` assigned to a parameter of type `string`  @typescript-eslint/no-unsafe-argument
   65:55  warning  Unsafe argument of type `any` assigned to a parameter of type `string`  @typescript-eslint/no-unsafe-argument
   77:7   warning  Unsafe argument of type `any` assigned to a parameter of type `string`  @typescript-eslint/no-unsafe-argument
   88:7   warning  Unsafe argument of type `any` assigned to a parameter of type `string`  @typescript-eslint/no-unsafe-argument
   99:7   warning  Unsafe argument of type `any` assigned to a parameter of type `string`  @typescript-eslint/no-unsafe-argument
  110:7   warning  Unsafe argument of type `any` assigned to a parameter of type `string`  @typescript-eslint/no-unsafe-argument
  129:55  warning  Unsafe argument of type `any` assigned to a parameter of type `string`  @typescript-eslint/no-unsafe-argument
  131:55  warning  Unsafe argument of type `any` assigned to a parameter of type `string`  @typescript-eslint/no-unsafe-argument
  133:55  warning  Unsafe argument of type `any` assigned to a parameter of type `string`  @typescript-eslint/no-unsafe-argument

C:\Users\dfajardo\OneDrive - COMISION NACIONAL DE ENERGIA\Documentos\github\delphin-erp\apps\api\src\modules\reports\reports.service.ts
   1:9  error  Replace `⏎··Injectable,⏎··BadRequestException,⏎` with `·Injectable,·BadRequestException·`  prettier/prettier
  10:1  error  Delete `··`                                                                                prettier/prettier

C:\Users\dfajardo\OneDrive - COMISION NACIONAL DE ENERGIA\Documentos\github\delphin-erp\apps\api\src\modules\roles\roles.controller.spec.ts
  40:5  warning  Promises must be awaited, end with a call to .catch, end with a call to .then with a rejection handler or be explicitly marked as ignored with the `void` operator  @typescript-eslint/no-floating-promises
  45:5  warning  Promises must be awaited, end with a call to .catch, end with a call to .then with a rejection handler or be explicitly marked as ignored with the `void` operator  @typescript-eslint/no-floating-promises
  50:5  warning  Promises must be awaited, end with a call to .catch, end with a call to .then with a rejection handler or be explicitly marked as ignored with the `void` operator  @typescript-eslint/no-floating-promises
  55:5  warning  Promises must be awaited, end with a call to .catch, end with a call to .then with a rejection handler or be explicitly marked as ignored with the `void` operator  @typescript-eslint/no-floating-promises

C:\Users\dfajardo\OneDrive - COMISION NACIONAL DE ENERGIA\Documentos\github\delphin-erp\apps\api\src\modules\roles\roles.controller.ts
  30:47  warning  Unsafe argument of type `any` assigned to a parameter of type `string`  @typescript-eslint/no-unsafe-argument
  37:37  warning  Unsafe argument of type `any` assigned to a parameter of type `string`  @typescript-eslint/no-unsafe-argument
  48:37  warning  Unsafe argument of type `any` assigned to a parameter of type `string`  @typescript-eslint/no-unsafe-argument
  55:37  warning  Unsafe argument of type `any` assigned to a parameter of type `string`  @typescript-eslint/no-unsafe-argument

C:\Users\dfajardo\OneDrive - COMISION NACIONAL DE ENERGIA\Documentos\github\delphin-erp\apps\api\src\modules\roles\roles.service.ts
  28:44  warning  Unsafe argument of type `any` assigned to a parameter of type `PermissionsInput | null | undefined`  @typescript-eslint/no-unsafe-argument
  70:7   warning  Unsafe argument of type `any` assigned to a parameter of type `PermissionsInput | null | undefined`  @typescript-eslint/no-unsafe-argument

C:\Users\dfajardo\OneDrive - COMISION NACIONAL DE ENERGIA\Documentos\github\delphin-erp\apps\api\src\modules\sequences\sequences.controller.ts
  29:41  warning  Unsafe argument of type `any` assigned to a parameter of type `string`  @typescript-eslint/no-unsafe-argument
  35:42  warning  Unsafe argument of type `any` assigned to a parameter of type `string`  @typescript-eslint/no-unsafe-argument
  41:42  warning  Unsafe argument of type `any` assigned to a parameter of type `string`  @typescript-eslint/no-unsafe-argument
  51:41  warning  Unsafe argument of type `any` assigned to a parameter of type `string`  @typescript-eslint/no-unsafe-argument
  57:41  warning  Unsafe argument of type `any` assigned to a parameter of type `string`  @typescript-eslint/no-unsafe-argument

C:\Users\dfajardo\OneDrive - COMISION NACIONAL DE ENERGIA\Documentos\github\delphin-erp\apps\api\src\modules\sucursales\sucursales.controller.spec.ts
  42:5  warning  Promises must be awaited, end with a call to .catch, end with a call to .then with a rejection handler or be explicitly marked as ignored with the `void` operator  @typescript-eslint/no-floating-promises
  43:5  warning  Promises must be awaited, end with a call to .catch, end with a call to .then with a rejection handler or be explicitly marked as ignored with the `void` operator  @typescript-eslint/no-floating-promises
  44:5  warning  Promises must be awaited, end with a call to .catch, end with a call to .then with a rejection handler or be explicitly marked as ignored with the `void` operator  @typescript-eslint/no-floating-promises
  52:5  warning  Promises must be awaited, end with a call to .catch, end with a call to .then with a rejection handler or be explicitly marked as ignored with the `void` operator  @typescript-eslint/no-floating-promises
  53:5  warning  Promises must be awaited, end with a call to .catch, end with a call to .then with a rejection handler or be explicitly marked as ignored with the `void` operator  @typescript-eslint/no-floating-promises

C:\Users\dfajardo\OneDrive - COMISION NACIONAL DE ENERGIA\Documentos\github\delphin-erp\apps\api\src\modules\sucursales\sucursales.controller.ts
  34:42  warning  Unsafe argument of type `any` assigned to a parameter of type `string`  @typescript-eslint/no-unsafe-argument
  41:43  warning  Unsafe argument of type `any` assigned to a parameter of type `string`  @typescript-eslint/no-unsafe-argument
  48:47  warning  Unsafe argument of type `any` assigned to a parameter of type `string`  @typescript-eslint/no-unsafe-argument
  59:46  warning  Unsafe argument of type `any` assigned to a parameter of type `string`  @typescript-eslint/no-unsafe-argument
  66:46  warning  Unsafe argument of type `any` assigned to a parameter of type `string`  @typescript-eslint/no-unsafe-argument

C:\Users\dfajardo\OneDrive - COMISION NACIONAL DE ENERGIA\Documentos\github\delphin-erp\apps\api\src\modules\tenant-api\controllers\tenant-api-management.controller.ts
  30:39  warning  Unsafe argument of type `any` assigned to a parameter of type `string`  @typescript-eslint/no-unsafe-argument
  40:38  warning  Unsafe argument of type `any` assigned to a parameter of type `string`  @typescript-eslint/no-unsafe-argument
  47:41  warning  Unsafe argument of type `any` assigned to a parameter of type `string`  @typescript-eslint/no-unsafe-argument
  54:38  warning  Unsafe argument of type `any` assigned to a parameter of type `string`  @typescript-eslint/no-unsafe-argument
  61:38  warning  Unsafe argument of type `any` assigned to a parameter of type `string`  @typescript-eslint/no-unsafe-argument

C:\Users\dfajardo\OneDrive - COMISION NACIONAL DE ENERGIA\Documentos\github\delphin-erp\apps\api\src\modules\tenant-api\dto\tenant-api.dto.ts
  7:1  error  Delete `··`  prettier/prettier

C:\Users\dfajardo\OneDrive - COMISION NACIONAL DE ENERGIA\Documentos\github\delphin-erp\apps\api\src\modules\tenant-api\guards\tenant-api-key.guard.ts
  39:15  warning  Unsafe argument of type `any` assigned to a parameter of type `BinaryLike`    @typescript-eslint/no-unsafe-argument
  81:38  warning  Unsafe argument of type `any` assigned to a parameter of type `string | URL`  @typescript-eslint/no-unsafe-argument

C:\Users\dfajardo\OneDrive - COMISION NACIONAL DE ENERGIA\Documentos\github\delphin-erp\apps\api\src\modules\tenant-api\tenant-api-key.service.ts
  12:9  error  Replace `⏎··CreateTenantApiAppDto,⏎·` with `·CreateTenantApiAppDto`  prettier/prettier

C:\Users\dfajardo\OneDrive - COMISION NACIONAL DE ENERGIA\Documentos\github\delphin-erp\apps\api\src\modules\users\users.controller.spec.ts
  40:5  warning  Promises must be awaited, end with a call to .catch, end with a call to .then with a rejection handler or be explicitly marked as ignored with the `void` operator  @typescript-eslint/no-floating-promises
  46:5  warning  Promises must be awaited, end with a call to .catch, end with a call to .then with a rejection handler or be explicitly marked as ignored with the `void` operator  @typescript-eslint/no-floating-promises
  51:5  warning  Promises must be awaited, end with a call to .catch, end with a call to .then with a rejection handler or be explicitly marked as ignored with the `void` operator  @typescript-eslint/no-floating-promises
  64:5  warning  Promises must be awaited, end with a call to .catch, end with a call to .then with a rejection handler or be explicitly marked as ignored with the `void` operator  @typescript-eslint/no-floating-promises

C:\Users\dfajardo\OneDrive - COMISION NACIONAL DE ENERGIA\Documentos\github\delphin-erp\apps\api\src\modules\users\users.controller.ts
  32:47  warning  Unsafe argument of type `any` assigned to a parameter of type `string`              @typescript-eslint/no-unsafe-argument
  41:54  warning  Unsafe argument of type `any` assigned to a parameter of type `string`              @typescript-eslint/no-unsafe-argument
  50:37  warning  Unsafe argument of type `any` assigned to a parameter of type `string`              @typescript-eslint/no-unsafe-argument
  50:59  warning  Unsafe argument of type `any` assigned to a parameter of type `string | undefined`  @typescript-eslint/no-unsafe-argument
  62:7   warning  Unsafe argument of type `any` assigned to a parameter of type `string`              @typescript-eslint/no-unsafe-argument
  65:7   warning  Unsafe argument of type `any` assigned to a parameter of type `string | undefined`  @typescript-eslint/no-unsafe-argument
  66:7   warning  Unsafe argument of type `any` assigned to a parameter of type `string | undefined`  @typescript-eslint/no-unsafe-argument
  74:47  warning  Unsafe argument of type `any` assigned to a parameter of type `string`              @typescript-eslint/no-unsafe-argument
  74:67  warning  Unsafe argument of type `any` assigned to a parameter of type `string`              @typescript-eslint/no-unsafe-argument
  81:37  warning  Unsafe argument of type `any` assigned to a parameter of type `string`              @typescript-eslint/no-unsafe-argument

C:\Users\dfajardo\OneDrive - COMISION NACIONAL DE ENERGIA\Documentos\github\delphin-erp\apps\api\src\modules\users\users.service.ts
  103:7   warning  Unsafe argument of type `any` assigned to a parameter of type `string | Buffer<ArrayBufferLike>`  @typescript-eslint/no-unsafe-argument
  211:47  warning  Unsafe argument of type `any` assigned to a parameter of type `OwnerSmtpConfig`                   @typescript-eslint/no-unsafe-argument
  259:45  warning  Unsafe argument of type `any` assigned to a parameter of type `OwnerSmtpConfig`                   @typescript-eslint/no-unsafe-argument
  323:39  warning  Unsafe argument of type `any` assigned to a parameter of type `OwnerSmtpConfig`                   @typescript-eslint/no-unsafe-argument
  353:40  warning  Unsafe argument of type `any` assigned to a parameter of type `string | Buffer<ArrayBufferLike>`  @typescript-eslint/no-unsafe-argument

C:\Users\dfajardo\OneDrive - COMISION NACIONAL DE ENERGIA\Documentos\github\delphin-erp\apps\api\test\business-integrity.e2e-spec.ts
   8:67   error    Insert `⏎·`                                                                                                                                                                                                                                                                                                                                                                                                                                                                                                                                                                                   prettier/prettier
  10:24   error    Replace `·let·company:·any;·let·user:·any;·let·client:·any;` with `⏎··let·company:·any;⏎··let·user:·any;⏎··let·client:·any;⏎·`                                                                                                                                                                                                                                                                                                                                                                                                                                                                prettier/prettier
  12:26   error    Replace `·db·=·new·PrismaClient({·datasources:·{·db:·{·url·}·}·});·await·db.$connect();` with `⏎····db·=·new·PrismaClient({·datasources:·{·db:·{·url·}·}·});⏎····await·db.$connect();⏎·`                                                                                                                                                                                                                                                                                                                                                                                                      prettier/prettier
  13:25   error    Replace `·await·db?.$disconnect();` with `⏎····await·db?.$disconnect();⏎·`                                                                                                                                                                                                                                                                                                                                                                                                                                                                                                                    prettier/prettier
  15:37   error    Replace `·data:·{·email:·randomUUID()+'@example.invalid',·passwordHash:·'!test'·}` with `⏎······data:·{·email:·randomUUID()·+·'@example.invalid',·passwordHash:·'!test'·},⏎···`                                                                                                                                                                                                                                                                                                                                                                                                               prettier/prettier
  16:40   error    Replace `·data:·{·id:·randomUUID(),·nombre:·'Test',·precioMensual:·1,·precioAnual:·12,·maxUsuarios:·2,·maxSucursales:·1,·maxProductos:·2·}` with `⏎······data:·{⏎········id:·randomUUID(),⏎········nombre:·'Test',⏎········precioMensual:·1,⏎········precioAnual:·12,⏎········maxUsuarios:·2,⏎········maxSucursales:·1,⏎········maxProductos:·2,⏎······},⏎···`                                                                                                                                                                                                                                prettier/prettier
  17:40   error    Replace `·data:·{·razonSocial:·'Test',·propietarioId:·user.id,·membresias:·{·create:·{·usuarioId:·user.id·}·},·suscripcion:·{·create:·{·planId:·plan.id,·estado:·'ACTIVE',·fechaRenovacion:·new·Date(Date.now()+86400000)·}·}·}` with `⏎······data:·{⏎········razonSocial:·'Test',⏎········propietarioId:·user.id,⏎········membresias:·{·create:·{·usuarioId:·user.id·}·},⏎········suscripcion:·{⏎··········create:·{⏎············planId:·plan.id,⏎············estado:·'ACTIVE',⏎············fechaRenovacion:·new·Date(Date.now()·+·86400000),⏎··········},⏎········},⏎······},⏎···`          prettier/prettier
  18:39   error    Replace `·data:·{·empresaId:·company.id,·nombreRazonSocial:·'Client',·numeroDocumento:·randomUUID()·}` with `⏎······data:·{⏎········empresaId:·company.id,⏎········nombreRazonSocial:·'Client',⏎········numeroDocumento:·randomUUID(),⏎······},⏎···`                                                                                                                                                                                                                                                                                                                                          prettier/prettier
  19:43   error    Replace `·data:·{·empresaId:·company.id,·nombreRazonSocial:·'Supplier',·numeroDocumento:·randomUUID()·}` with `⏎······data:·{⏎········empresaId:·company.id,⏎········nombreRazonSocial:·'Supplier',⏎········numeroDocumento:·randomUUID(),⏎······},⏎···`                                                                                                                                                                                                                                                                                                                                      prettier/prettier
  21:34   error    Replace `·db.facturaVenta.create({·data:·{·empresaId:·company.id,·clienteId:·client.id,·numeroFactura:·'FAC-'+randomUUID(),·subtotal:·100,·itbis:·0,·total:·100,·balancePendiente:·100,·tipoPago:·'CREDITO',·estado:·'EMITIDA',·...extra·}` with `⏎····db.facturaVenta.create({⏎······data:·{⏎········empresaId:·company.id,⏎········clienteId:·client.id,⏎········numeroFactura:·'FAC-'·+·randomUUID(),⏎········subtotal:·100,⏎········itbis:·0,⏎········total:·100,⏎········balancePendiente:·100,⏎········tipoPago:·'CREDITO',⏎········estado:·'EMITIDA',⏎········...extra,⏎······},⏎···`  prettier/prettier
  23:33   error    Insert `⏎···`                                                                                                                                                                                                                                                                                                                                                                                                                                                                                                                                                                                 prettier/prettier
  23:78   warning  Unsafe argument of type `any` assigned to a parameter of type `PrismaService`                                                                                                                                                                                                                                                                                                                                                                                                                                                                                                                 @typescript-eslint/no-unsafe-argument
  23:89   warning  Unsafe argument of type `any` assigned to a parameter of type `ActivityLogService`                                                                                                                                                                                                                                                                                                                                                                                                                                                                                                            @typescript-eslint/no-unsafe-argument
  24:18   error    Replace `service.create(company.id,user.id,{clienteId:client.id,monto:1,aplicaciones:[{facturaId:inv.id,monto:100}]}·as·any)` with `⏎······service.create(company.id,·user.id,·{⏎········clienteId:·client.id,⏎········monto:·1,⏎········aplicaciones:·[{·facturaId:·inv.id,·monto:·100·}],⏎······}·as·any),⏎····`                                                                                                                                                                                                                                                                            prettier/prettier
  24:33   warning  Unsafe argument of type `any` assigned to a parameter of type `string`                                                                                                                                                                                                                                                                                                                                                                                                                                                                                                                        @typescript-eslint/no-unsafe-argument
  24:44   warning  Unsafe argument of type `any` assigned to a parameter of type `string`                                                                                                                                                                                                                                                                                                                                                                                                                                                                                                                        @typescript-eslint/no-unsafe-argument
  24:52   warning  Unsafe argument of type `any` assigned to a parameter of type `CreateCustomerPaymentDto`                                                                                                                                                                                                                                                                                                                                                                                                                                                                                                      @typescript-eslint/no-unsafe-argument
  25:18   error    Replace `service.create(company.id,user.id,{clienteId:client.id,monto:10,moneda:'USD',facturaId:inv.id}·as·any)` with `⏎······service.create(company.id,·user.id,·{⏎········clienteId:·client.id,⏎········monto:·10,⏎········moneda:·'USD',⏎········facturaId:·inv.id,⏎······}·as·any),⏎····`                                                                                                                                                                                                                                                                                                 prettier/prettier
  25:33   warning  Unsafe argument of type `any` assigned to a parameter of type `string`                                                                                                                                                                                                                                                                                                                                                                                                                                                                                                                        @typescript-eslint/no-unsafe-argument
  25:44   warning  Unsafe argument of type `any` assigned to a parameter of type `string`                                                                                                                                                                                                                                                                                                                                                                                                                                                                                                                        @typescript-eslint/no-unsafe-argument
  25:52   warning  Unsafe argument of type `any` assigned to a parameter of type `CreateCustomerPaymentDto`                                                                                                                                                                                                                                                                                                                                                                                                                                                                                                      @typescript-eslint/no-unsafe-argument
  26:12   error    Replace `await·db.pagoCliente.count({where:{empresaId:company.id}})` with `⏎······await·db.pagoCliente.count({·where:·{·empresaId:·company.id·}·}),⏎····`                                                                                                                                                                                                                                                                                                                                                                                                                                     prettier/prettier
  29:14   error    Replace `=await·invoice();·const·service=new·CustomerPaymentsService(db·as·any,` with `·=·await·invoice();⏎····const·service·=·new·CustomerPaymentsService(db·as·any,·`                                                                                                                                                                                                                                                                                                                                                                                                                       prettier/prettier
  29:74   warning  Unsafe argument of type `any` assigned to a parameter of type `PrismaService`                                                                                                                                                                                                                                                                                                                                                                                                                                                                                                                 @typescript-eslint/no-unsafe-argument
  29:84   warning  Unsafe argument of type `any` assigned to a parameter of type `ActivityLogService`                                                                                                                                                                                                                                                                                                                                                                                                                                                                                                            @typescript-eslint/no-unsafe-argument
  30:18   error    Replace `=await·Promise.allSettled([1,2].map(()=>service.create(company.id,user.id,{clienteId:client.id,monto:80,facturaId:inv.id}·as·any))` with `·=·await·Promise.allSettled(⏎······[1,·2].map(()·=>⏎········service.create(company.id,·user.id,·{⏎··········clienteId:·client.id,⏎··········monto:·80,⏎··········facturaId:·inv.id,⏎········}·as·any),⏎······),⏎····`                                                                                                                                                                                                                      prettier/prettier
  30:73   warning  Unsafe argument of type `any` assigned to a parameter of type `string`                                                                                                                                                                                                                                                                                                                                                                                                                                                                                                                        @typescript-eslint/no-unsafe-argument
  30:84   warning  Unsafe argument of type `any` assigned to a parameter of type `string`                                                                                                                                                                                                                                                                                                                                                                                                                                                                                                                        @typescript-eslint/no-unsafe-argument
  30:92   warning  Unsafe argument of type `any` assigned to a parameter of type `CreateCustomerPaymentDto`                                                                                                                                                                                                                                                                                                                                                                                                                                                                                                      @typescript-eslint/no-unsafe-argument
  31:27   error    Replace `r=>r.status===` with `(r)·=>·r.status·===·`                                                                                                                                                                                                                                                                                                                                                                                                                                                                                                                                          prettier/prettier
  32:17   error    Replace `=await·db.facturaVenta.findUniqueOrThrow({where:{id:inv.id}});expect(Number(stored.balancePendiente)).toBe(20);` with `·=·await·db.facturaVenta.findUniqueOrThrow({⏎······where:·{·id:·inv.id·},⏎····});⏎····expect(Number(stored.balancePendiente)).toBe(20);⏎····`                                                                                                                                                                                                                                                                                                                 prettier/prettier
  35:14   error    Replace `=await·invoice();·const·service=new·CustomerPaymentsService(db·as·any,` with `·=·await·invoice();⏎····const·service·=·new·CustomerPaymentsService(db·as·any,·`                                                                                                                                                                                                                                                                                                                                                                                                                       prettier/prettier
  35:74   warning  Unsafe argument of type `any` assigned to a parameter of type `PrismaService`                                                                                                                                                                                                                                                                                                                                                                                                                                                                                                                 @typescript-eslint/no-unsafe-argument
  35:84   warning  Unsafe argument of type `any` assigned to a parameter of type `ActivityLogService`                                                                                                                                                                                                                                                                                                                                                                                                                                                                                                            @typescript-eslint/no-unsafe-argument
  36:18   error    Replace `=await·service.create(company.id,user.id,{clienteId:client.id,monto:80,facturaId:inv.id` with `·=·await·service.create(company.id,·user.id,·{⏎······clienteId:·client.id,⏎······monto:·80,⏎······facturaId:·inv.id,⏎····`                                                                                                                                                                                                                                                                                                                                                            prettier/prettier
  36:40   warning  Unsafe argument of type `any` assigned to a parameter of type `string`                                                                                                                                                                                                                                                                                                                                                                                                                                                                                                                        @typescript-eslint/no-unsafe-argument
  36:51   warning  Unsafe argument of type `any` assigned to a parameter of type `string`                                                                                                                                                                                                                                                                                                                                                                                                                                                                                                                        @typescript-eslint/no-unsafe-argument
  36:59   warning  Unsafe argument of type `any` assigned to a parameter of type `CreateCustomerPaymentDto`                                                                                                                                                                                                                                                                                                                                                                                                                                                                                                      @typescript-eslint/no-unsafe-argument
  36:59   error    This assertion is unnecessary since the receiver accepts the original type of the expression                                                                                                                                                                                                                                                                                                                                                                                                                                                                                                  @typescript-eslint/no-unnecessary-type-assertion
  37:18   error    Replace `=await·Promise.allSettled([1,2].map(()=>service.cancel(company.id,user.id,receipt.id))` with `·=·await·Promise.allSettled(⏎······[1,·2].map(()·=>·service.cancel(company.id,·user.id,·receipt.id)),⏎····`                                                                                                                                                                                                                                                                                                                                                                            prettier/prettier
  37:73   warning  Unsafe argument of type `any` assigned to a parameter of type `string`                                                                                                                                                                                                                                                                                                                                                                                                                                                                                                                        @typescript-eslint/no-unsafe-argument
  37:84   warning  Unsafe argument of type `any` assigned to a parameter of type `string`                                                                                                                                                                                                                                                                                                                                                                                                                                                                                                                        @typescript-eslint/no-unsafe-argument
  38:27   error    Replace `r=>r.status===` with `(r)·=>·r.status·===·`                                                                                                                                                                                                                                                                                                                                                                                                                                                                                                                                          prettier/prettier
  39:12   error    Replace `Number((await·db.facturaVenta.findUniqueOrThrow({where:{id:inv.id}})).balancePendiente)` with `⏎······Number(⏎········(await·db.facturaVenta.findUniqueOrThrow({·where:·{·id:·inv.id·}·}))⏎··········.balancePendiente,⏎······),⏎····`                                                                                                                                                                                                                                                                                                                                               prettier/prettier
  42:19   error    Replace `=await·db.facturaCompra.create({data:{empresaId:company.id,proveedorId:supplier.id,numeroFactura:randomUUID(),subtotal:100,total:100,balancePendiente:100,tipoPago:'CREDITO'}` with `·=·await·db.facturaCompra.create({⏎······data:·{⏎········empresaId:·company.id,⏎········proveedorId:·supplier.id,⏎········numeroFactura:·randomUUID(),⏎········subtotal:·100,⏎········total:·100,⏎········balancePendiente:·100,⏎········tipoPago:·'CREDITO',⏎······},⏎····`                                                                                                                    prettier/prettier
  43:18   error    Replace `=new·PurchasesService(db·as·any,` with `·=·new·PurchasesService(db·as·any,·`                                                                                                                                                                                                                                                                                                                                                                                                                                                                                                         prettier/prettier
  43:40   warning  Unsafe argument of type `any` assigned to a parameter of type `PrismaService`                                                                                                                                                                                                                                                                                                                                                                                                                                                                                                                 @typescript-eslint/no-unsafe-argument
  43:50   warning  Unsafe argument of type `any` assigned to a parameter of type `ActivityLogService`                                                                                                                                                                                                                                                                                                                                                                                                                                                                                                            @typescript-eslint/no-unsafe-argument
  44:18   error    Replace `=await·Promise.allSettled([1,2].map(()=>service.registerPayment(company.id,user.id,purchase.id,{monto:80,metodo:'EFECTIVO'}·as·any))` with `·=·await·Promise.allSettled(⏎······[1,·2].map(()·=>⏎········service.registerPayment(company.id,·user.id,·purchase.id,·{⏎··········monto:·80,⏎··········metodo:·'EFECTIVO',⏎········}·as·any),⏎······),⏎····`                                                                                                                                                                                                                             prettier/prettier
  44:82   warning  Unsafe argument of type `any` assigned to a parameter of type `string`                                                                                                                                                                                                                                                                                                                                                                                                                                                                                                                        @typescript-eslint/no-unsafe-argument
  44:93   warning  Unsafe argument of type `any` assigned to a parameter of type `string`                                                                                                                                                                                                                                                                                                                                                                                                                                                                                                                        @typescript-eslint/no-unsafe-argument
  44:113  warning  Unsafe argument of type `any` assigned to a parameter of type `CreateSupplierPaymentDto`                                                                                                                                                                                                                                                                                                                                                                                                                                                                                                      @typescript-eslint/no-unsafe-argument
  45:26   error    Replace `(r=>r.status===` with `((r)·=>·r.status·===·`                                                                                                                                                                                                                                                                                                                                                                                                                                                                                                                                        prettier/prettier
  46:12   error    Replace `Number((await·db.facturaCompra.findUniqueOrThrow({where:{id:purchase.id}})).balancePendiente)` with `⏎······Number(⏎········(⏎··········await·db.facturaCompra.findUniqueOrThrow({⏎············where:·{·id:·purchase.id·},⏎··········})⏎········).balancePendiente,⏎······),⏎····`                                                                                                                                                                                                                                                                                                   prettier/prettier
  47:18   error    Replace `service.cancel(company.id,user.id,purchase.id)` with `⏎······service.cancel(company.id,·user.id,·purchase.id),⏎····`                                                                                                                                                                                                                                                                                                                                                                                                                                                                 prettier/prettier
  47:33   warning  Unsafe argument of type `any` assigned to a parameter of type `string`                                                                                                                                                                                                                                                                                                                                                                                                                                                                                                                        @typescript-eslint/no-unsafe-argument
  47:44   warning  Unsafe argument of type `any` assigned to a parameter of type `string`                                                                                                                                                                                                                                                                                                                                                                                                                                                                                                                        @typescript-eslint/no-unsafe-argument
  50:18   error    Replace `=new·PurchasesService(db·as·any,` with `·=·new·PurchasesService(db·as·any,·`                                                                                                                                                                                                                                                                                                                                                                                                                                                                                                         prettier/prettier
  50:40   warning  Unsafe argument of type `any` assigned to a parameter of type `PrismaService`                                                                                                                                                                                                                                                                                                                                                                                                                                                                                                                 @typescript-eslint/no-unsafe-argument
  50:50   warning  Unsafe argument of type `any` assigned to a parameter of type `ActivityLogService`                                                                                                                                                                                                                                                                                                                                                                                                                                                                                                            @typescript-eslint/no-unsafe-argument
  51:19   error    Replace `=await·service.create(company.id,user.id,{proveedorId:supplier.id,tipoPago:'CREDITO',descuento:20,items:[{descripcion:'A',cantidad:1,costoUnitario:100,tasaItbis:18},{descripcion:'B',cantidad:1,costoUnitario:100,tasaItbis:0}]` with `·=·await·service.create(company.id,·user.id,·{⏎······proveedorId:·supplier.id,⏎······tipoPago:·'CREDITO',⏎······descuento:·20,⏎······items:·[⏎········{·descripcion:·'A',·cantidad:·1,·costoUnitario:·100,·tasaItbis:·18·},⏎········{·descripcion:·'B',·cantidad:·1,·costoUnitario:·100,·tasaItbis:·0·},⏎······],⏎····`                      prettier/prettier
  51:41   warning  Unsafe argument of type `any` assigned to a parameter of type `string`                                                                                                                                                                                                                                                                                                                                                                                                                                                                                                                        @typescript-eslint/no-unsafe-argument
  51:52   warning  Unsafe argument of type `any` assigned to a parameter of type `string`                                                                                                                                                                                                                                                                                                                                                                                                                                                                                                                        @typescript-eslint/no-unsafe-argument
  51:60   warning  Unsafe argument of type `any` assigned to a parameter of type `CreatePurchaseDto`                                                                                                                                                                                                                                                                                                                                                                                                                                                                                                             @typescript-eslint/no-unsafe-argument
  52:47   error    Insert `⏎····`                                                                                                                                                                                                                                                                                                                                                                                                                                                                                                                                                                                prettier/prettier
  53:40   error    Replace `d)=>n+Number(d.total),0)).toBe(196.2` with `·d)·=>·n·+·Number(d.total),·0)).toBe(⏎······196.2,⏎····`                                                                                                                                                                                                                                                                                                                                                                                                                                                                                 prettier/prettier
  56:16   error    Replace `=await·db.cotizacion.create({data:{empresaId:company.id,clienteId:client.id,numeroCotizacion:randomUUID(),estado:'ACEPTADA',subtotal:100,total:100}` with `·=·await·db.cotizacion.create({⏎······data:·{⏎········empresaId:·company.id,⏎········clienteId:·client.id,⏎········numeroCotizacion:·randomUUID(),⏎········estado:·'ACEPTADA',⏎········subtotal:·100,⏎········total:·100,⏎······},⏎····`                                                                                                                                                                                  prettier/prettier
  57:18   error    Replace `=new·QuotesService(db·as·any,activity·as·any,{}·as·any,{}·as·any` with `·=·new·QuotesService(⏎······db·as·any,⏎······activity·as·any,⏎······{}·as·any,⏎······{}·as·any,⏎····`                                                                                                                                                                                                                                                                                                                                                                                                        prettier/prettier
  57:37   warning  Unsafe argument of type `any` assigned to a parameter of type `PrismaService`                                                                                                                                                                                                                                                                                                                                                                                                                                                                                                                 @typescript-eslint/no-unsafe-argument
  57:47   warning  Unsafe argument of type `any` assigned to a parameter of type `ActivityLogService`                                                                                                                                                                                                                                                                                                                                                                                                                                                                                                            @typescript-eslint/no-unsafe-argument
  57:63   warning  Unsafe argument of type `any` assigned to a parameter of type `TenantMailerService`                                                                                                                                                                                                                                                                                                                                                                                                                                                                                                           @typescript-eslint/no-unsafe-argument
  57:73   warning  Unsafe argument of type `any` assigned to a parameter of type `EmailTemplatesService`                                                                                                                                                                                                                                                                                                                                                                                                                                                                                                         @typescript-eslint/no-unsafe-argument
  58:18   error    Replace `=await·Promise.allSettled([1,2].map(()=>service.convertToInvoice(company.id,user.id,quote.id))` with `·=·await·Promise.allSettled(⏎······[1,·2].map(()·=>·service.convertToInvoice(company.id,·user.id,·quote.id)),⏎····`                                                                                                                                                                                                                                                                                                                                                            prettier/prettier
  58:83   warning  Unsafe argument of type `any` assigned to a parameter of type `string`                                                                                                                                                                                                                                                                                                                                                                                                                                                                                                                        @typescript-eslint/no-unsafe-argument
  58:94   warning  Unsafe argument of type `any` assigned to a parameter of type `string`                                                                                                                                                                                                                                                                                                                                                                                                                                                                                                                        @typescript-eslint/no-unsafe-argument
  59:27   error    Replace `r=>r.status===` with `(r)·=>·r.status·===·`                                                                                                                                                                                                                                                                                                                                                                                                                                                                                                                                          prettier/prettier
  60:17   error    Replace `=await·db.facturaVenta.findFirstOrThrow({where:{empresaId:company.id}` with `·=·await·db.facturaVenta.findFirstOrThrow({⏎······where:·{·empresaId:·company.id·},⏎····`                                                                                                                                                                                                                                                                                                                                                                                                               prettier/prettier
  61:44   error    Replace `expect(stored.ncf).toBeNull();` with `⏎····expect(stored.ncf).toBeNull();⏎····`                                                                                                                                                                                                                                                                                                                                                                                                                                                                                                      prettier/prettier
  64:19   error    Replace `=await·invoice();await·invoice({estado:'BORRADOR',total:50});await·invoice({facturaOriginalId:original.id,total:20});await·invoice({moneda:'USD',tasaCambio:60,total:10` with `·=·await·invoice();⏎····await·invoice({·estado:·'BORRADOR',·total:·50·});⏎····await·invoice({·facturaOriginalId:·original.id,·total:·20·});⏎····await·invoice({·moneda:·'USD',·tasaCambio:·60,·total:·10·`                                                                                                                                                                                            prettier/prettier
  65:17   error    Replace `=await·new·ReportsService(db·as·any).getSalesReport(company.id` with `·=·await·new·ReportsService(db·as·any).getSalesReport(⏎······company.id,⏎····`                                                                                                                                                                                                                                                                                                                                                                                                                                 prettier/prettier
  65:43   warning  Unsafe argument of type `any` assigned to a parameter of type `PrismaService`                                                                                                                                                                                                                                                                                                                                                                                                                                                                                                                 @typescript-eslint/no-unsafe-argument
  65:69   warning  Unsafe argument of type `any` assigned to a parameter of type `string`                                                                                                                                                                                                                                                                                                                                                                                                                                                                                                                        @typescript-eslint/no-unsafe-argument
  66:50   error    Insert `⏎····`                                                                                                                                                                                                                                                                                                                                                                                                                                                                                                                                                                                prettier/prettier
  69:18   error    Replace `=await·Promise.allSettled([1,2].map(n=>db.sucursal.create({data:{empresaId:company.id,nombre:'Branch·'+n}}))` with `·=·await·Promise.allSettled(⏎······[1,·2].map((n)·=>⏎········db.sucursal.create({⏎··········data:·{·empresaId:·company.id,·nombre:·'Branch·'·+·n·},⏎········}),⏎······),⏎····`                                                                                                                                                                                                                                                                                   prettier/prettier
  70:26   error    Replace `(r=>r.status==='fulfilled')).toHaveLength(1);expect(await·db.sucursal.count({where:{empresaId:company.id}})).toBe(1` with `((r)·=>·r.status·===·'fulfilled')).toHaveLength(1);⏎····expect(await·db.sucursal.count({·where:·{·empresaId:·company.id·}·})).toBe(⏎······1,⏎····`                                                                                                                                                                                                                                                                                                        prettier/prettier

C:\Users\dfajardo\OneDrive - COMISION NACIONAL DE ENERGIA\Documentos\github\delphin-erp\apps\api\test\mfa.e2e-spec.ts
   27:30  warning  Unsafe argument of type `any` assigned to a parameter of type `PrismaService`  @typescript-eslint/no-unsafe-argument
   72:33  warning  Unsafe argument of type `any` assigned to a parameter of type `string`         @typescript-eslint/no-unsafe-argument
  100:34  warning  Unsafe argument of type `any` assigned to a parameter of type `string`         @typescript-eslint/no-unsafe-argument
  124:34  warning  Unsafe argument of type `any` assigned to a parameter of type `string`         @typescript-eslint/no-unsafe-argument

✖ 587 problems (102 errors, 485 warnings)
  99 errors and 0 warnings potentially fixable with the `--fix` option.

